profile,question,expected_chunk_id,expected_title,first_relevant_rank,reciprocal_rank,average_precision,latency_ms,relevant_total,top1_chunk_id,top1_title,top1_score,unique_pages_at_max_k,best_relevant_score,best_non_relevant_score,score_margin,hit@1,precision@1,recall@1,ndcg@1,relevant_chunks@1,unique_pages@1,hit@3,precision@3,recall@3,ndcg@3,relevant_chunks@3,unique_pages@3,hit@5,precision@5,recall@5,ndcg@5,relevant_chunks@5,unique_pages@5,hit@10,precision@10,recall@10,ndcg@10,relevant_chunks@10,unique_pages@10,hit@20,precision@20,recall@20,ndcg@20,relevant_chunks@20,unique_pages@20
dense,Какие данные в МКАБ пациента должны быть заполнены для успешного формирования СЭМД «Медицинское заключение по результатам предварительного (периодического) медицинского осмотра (обследования)»?,655,"Правильное оформление и отправка СЭМД: СЭМД (194)""Медицинское заключение по результатам предварительного (периодического) медицинского осмотра (обследования)""",1,1.0,1.0,963.3626100000043,1,655,"Правильное оформление и отправка СЭМД: СЭМД (194)""Медицинское заключение по результатам предварительного (периодического) медицинского осмотра (обследования)""",0.7633043,4,0.7633043,0.7577976,0.0055067000000000865,1.0,1.0,1.0,1.0,1,1,1.0,0.3333333333333333,1.0,1.0,1,1,1.0,0.2,1.0,1.0,1,2,1.0,0.1,1.0,1.0,1,3,1.0,0.05,1.0,1.0,1,4
dense,Что происходит при снятии флажка у блока «Слуховой паспорт» в шаблоне осмотра отоларинголога и как вводятся результаты исследований?,115,"WEB Поликлиника: Работа с шаблонами: Шаблон ""Осмотр отоларинголога (20)""",1,1.0,1.0,848.5646520000074,1,115,"Поликлиника: Работа с шаблонами: Шаблон ""Осмотр отоларинголога (20)""",0.73220867,11,0.73220867,0.50872684,0.22348183,1.0,1.0,1.0,1.0,1,1,1.0,0.3333333333333333,1.0,1.0,1,1,1.0,0.2,1.0,1.0,1,3,1.0,0.1,1.0,1.0,1,6,1.0,0.05,1.0,1.0,1,11
dense,Что открывается пользователю при работе с медицинскими записями после выбора соответствующего действия?,26,WEB Поликлиника: Врач поликлиники,,0.0,0.0,846.6060150000061,1,283,Стационар: Врач стационара,0.6351527,8,,0.6351527,,0.0,0.0,0.0,0.0,0,1,0.0,0.0,0.0,0.0,0,2,0.0,0.0,0.0,0.0,0,4,0.0,0.0,0.0,0.0,0,4,0.0,0.0,0.0,0.0,0,8
dense,"Что нужно сделать после заполнения формы с результатами медосмотра, чтобы СЭМД был подписан и отправлен в РЭМД?",760,"Правильное оформление и отправка СЭМД: СЭМД (63)""Медицинское заключение об отсутствии медицинских противопоказаний к владению оружием""",,0.0,0.0,863.3483299999938,1,680,"Правильное оформление и отправка СЭМД: СЭМД (204)""Медицинское заключение""",0.75125355,6,,0.75125355,,0.0,0.0,0.0,0.0,0,1,0.0,0.0,0.0,0.0,0,1,0.0,0.0,0.0,0.0,0,1,0.0,0.0,0.0,0.0,0,1,0.0,0.0,0.0,0.0,0,6
dense,Как оформить перевод пациента в реанимацию и как закрыть реанимационный период в МКСБ?,282,WEB Стационар: Врач стационара,1,1.0,1.0,830.5337139999978,1,282,Стационар: Врач стационара,0.73120236,13,0.73120236,0.57545626,0.1557461,1.0,1.0,1.0,1.0,1,1,1.0,0.3333333333333333,1.0,1.0,1,3,1.0,0.2,1.0,1.0,1,3,1.0,0.1,1.0,1.0,1,7,1.0,0.05,1.0,1.0,1,13
dense,Как в модуле электронного родового сертификата перейти к отчётам и сформировать файл отчёта за период?,251,WEB Родовспоможение: Родовые сертификаты,1,1.0,1.0,827.7893619999901,1,251,Родовспоможение: Родовые сертификаты,0.7091063,4,0.7091063,0.63381445,0.07529184999999994,1.0,1.0,1.0,1.0,1,1,1.0,0.3333333333333333,1.0,1.0,1,1,1.0,0.2,1.0,1.0,1,1,1.0,0.1,1.0,1.0,1,1,1.0,0.05,1.0,1.0,1,4
dense,При каких условиях можно добавить сведения о посещении в ЭРС и какие ограничения действуют для полей «Срок беременности» и «Дата следующего посещения»?,229,WEB Родовспоможение: Родовые сертификаты,1,1.0,1.0,830.4595299999988,1,229,Родовспоможение: Родовые сертификаты,0.60128295,7,0.60128295,0.5730501,0.028232849999999976,1.0,1.0,1.0,1.0,1,1,1.0,0.3333333333333333,1.0,1.0,1,2,1.0,0.2,1.0,1.0,1,4,1.0,0.1,1.0,1.0,1,5,1.0,0.05,1.0,1.0,1,7
dense,Какие требования предъявляются к датам оказания услуги в ТАП и к порядку отражения первичного и повторного приёма?,143,WEB Поликлиника: Формирование ТАП для статистов,1,1.0,1.0,890.4641669999904,1,143,Поликлиника: Формирование ТАП для статистов,0.59446776,7,0.59446776,0.55196446,0.04250330000000002,1.0,1.0,1.0,1.0,1,1,1.0,0.3333333333333333,1.0,1.0,1,1,1.0,0.2,1.0,1.0,1,3,1.0,0.1,1.0,1.0,1,4,1.0,0.05,1.0,1.0,1,7
dense,"Как распечатать водительскую справку после того, как карта мероприятий подписана и стала недоступна для редактирования?",755,"Правильное оформление и отправка СЭМД: СЭМД (4)""Медицинская справка о допуске к управлению транспортными средствами""""",1,1.0,1.0,926.9064570000012,1,755,"Правильное оформление и отправка СЭМД: СЭМД (4)""Медицинская справка о допуске к управлению транспортными средствами""""",0.57250756,12,0.57250756,0.4990359,0.07347166000000005,1.0,1.0,1.0,1.0,1,1,1.0,0.3333333333333333,1.0,1.0,1,2,1.0,0.2,1.0,1.0,1,4,1.0,0.1,1.0,1.0,1,6,1.0,0.05,1.0,1.0,1,12
dense,Где просматривать статистику по открытым и закрытым талонам амбулаторного пациента и какие фильтры при этом доступны?,105,"WEB Поликлиника: Просмотр статистических данных по ""Случаям лечения""",1,1.0,1.0,854.5137859999983,1,105,"Поликлиника: Просмотр статистических данных по ""Случаям лечения""",0.81621784,9,0.81621784,0.6731831,0.14303473999999994,1.0,1.0,1.0,1.0,1,1,1.0,0.3333333333333333,1.0,1.0,1,3,1.0,0.2,1.0,1.0,1,5,1.0,0.1,1.0,1.0,1,7,1.0,0.05,1.0,1.0,1,9
dense,"Как открепить прикреплённый файл, в каких форматах доступна печать документа и как распечатать справку «Медицинское заключение»?",693,"Правильное оформление и отправка СЭМД: СЭМД (204)""Медицинское заключение""",3,0.3333333333333333,0.3333333333333333,869.702174000011,1,679,"Правильное оформление и отправка СЭМД: СЭМД (204)""Медицинское заключение""",0.66325665,7,0.6288147,0.66325665,-0.034441950000000054,0.0,0.0,0.0,0.0,0,1,1.0,0.3333333333333333,1.0,0.5,1,1,1.0,0.2,1.0,0.5,1,1,1.0,0.1,1.0,0.5,1,2,1.0,0.05,1.0,0.5,1,7
dense,"Что такое карта мероприятий, как с ней работать и что оформляется на заключительном мероприятии у терапевта или врача общей практики?",759,"Правильное оформление и отправка СЭМД: СЭМД (63)""Медицинское заключение об отсутствии медицинских противопоказаний к владению оружием""",6,0.16666666666666666,0.16666666666666666,848.432270999993,1,9,Диспансеризация,0.6521677,12,0.523015,0.6521677,-0.1291527,0.0,0.0,0.0,0.0,0,1,0.0,0.0,0.0,0.0,0,1,0.0,0.0,0.0,0.0,0,2,1.0,0.1,1.0,0.3562071871080222,1,6,1.0,0.05,1.0,0.3562071871080222,1,12
dense,"Как сформировать, подписать и отправить в РЭМД СЭМД «Медицинское заключение о допуске к выполнению работ на высоте» (редакция 1)?",559,"Правильное оформление и отправка СЭМД: СЭМД (101)""Медицинское заключение о допуске к выполнению работ на высоте верхолазных работ работ связанных с подъемом на высоту а также по обслуживанию подъемных сооружений""",1,1.0,1.0,870.5798909999913,1,559,"Правильное оформление и отправка СЭМД: СЭМД (101)""Медицинское заключение о допуске к выполнению работ на высоте верхолазных работ работ связанных с подъемом на высоту а также по обслуживанию подъемных сооружений""",0.8697013,6,0.8697013,0.8163676,0.05333370000000004,1.0,1.0,1.0,1.0,1,1,1.0,0.3333333333333333,1.0,1.0,1,1,1.0,0.2,1.0,1.0,1,2,1.0,0.1,1.0,1.0,1,4,1.0,0.05,1.0,1.0,1,6
dense,Какой структурированный электронный медицинский документ можно сформировать и отправить в отчётных формах по иммунопрофилактике в описанном блоке?,90,WEB Поликлиника: Иммунопрофилактика,1,1.0,1.0,868.6819549999996,1,90,Поликлиника: Иммунопрофилактика,0.76464653,6,0.76464653,0.7185722,0.04607433000000005,1.0,1.0,1.0,1.0,1,1,1.0,0.3333333333333333,1.0,1.0,1,1,1.0,0.2,1.0,1.0,1,2,1.0,0.1,1.0,1.0,1,3,1.0,0.05,1.0,1.0,1,6
dense,Какие системные настройки в разделе администрирования должен проверить или установить администратор перед работой с рецептами?,605,"Правильное оформление и отправка СЭМД: СЭМД (148)""Рецепт на лекарственный препарат (CDA)""",7,0.14285714285714285,0.14285714285714285,808.8310199999995,1,415,Администрирование МИС: Настройки для отправки коммерческих и льготных рецептов,0.62222064,8,0.51629984,0.62222064,-0.10592080000000004,0.0,0.0,0.0,0.0,0,1,0.0,0.0,0.0,0.0,0,2,0.0,0.0,0.0,0.0,0,2,1.0,0.1,1.0,0.3333333333333333,1,3,1.0,0.05,1.0,0.3333333333333333,1,8
dense,"Как оформить электронное свидетельство о рождении (галочки по пунктам СР), подтянуть данные из МКАБ и что делать со «старым» или ручным адресом при регистрации?",433,Демография: Свидетельство о рождении,1,1.0,1.0,853.6375359999937,1,433,Демография: Свидетельство о рождении,0.72010136,6,0.72010136,0.55890965,0.16119171,1.0,1.0,1.0,1.0,1,1,1.0,0.3333333333333333,1.0,1.0,1,2,1.0,0.2,1.0,1.0,1,4,1.0,0.1,1.0,1.0,1,4,1.0,0.05,1.0,1.0,1,6
dense,Куда попадает информация после записи пациента на приём и как вернуться в шаблон осмотра врача 2.0?,33,WEB Поликлиника: Врач поликлиники,16,0.0625,0.0625,823.624726999995,1,29,Поликлиника: Врач поликлиники,0.6549802,8,0.54922855,0.6549802,-0.10575164999999997,0.0,0.0,0.0,0.0,0,1,0.0,0.0,0.0,0.0,0,2,0.0,0.0,0.0,0.0,0,2,0.0,0.0,0.0,0.0,0,4,1.0,0.05,1.0,0.24465054211822604,1,8
dense,Как в шаблоне №200 МЗ добавить в медицинскую запись результаты ранее проведённых исследований?,31,WEB Поликлиника: Врач поликлиники,2,0.5,0.5,833.8307230000055,1,375,Стационар: Формы приказа 530н: Работа с шаблонами осмотров АВ,0.7044749,9,0.70059484,0.7044749,-0.003880059999999963,0.0,0.0,0.0,0.0,0,1,1.0,0.3333333333333333,1.0,0.6309297535714575,1,3,1.0,0.2,1.0,0.6309297535714575,1,3,1.0,0.1,1.0,0.6309297535714575,1,5,1.0,0.05,1.0,0.6309297535714575,1,9
dense,Какая информация заполняется на вкладке «Дополнительная информация» листка нетрудоспособности в части освидетельствования в бюро МСЭ?,96,WEB Поликлиника: Лист нетрудоспособности,1,1.0,1.0,884.1286890000077,1,96,Поликлиника: Лист нетрудоспособности,0.7206862,5,0.7206862,0.65852416,0.06216204000000003,1.0,1.0,1.0,1.0,1,1,1.0,0.3333333333333333,1.0,1.0,1,2,1.0,0.2,1.0,1.0,1,2,1.0,0.1,1.0,1.0,1,3,1.0,0.05,1.0,1.0,1,5
dense,"Что необходимо сделать, чтобы открыть и сохранить карту беременной, и как затем распечатать нужную форму?",224,WEB Родовспоможение: Карта беременной,1,1.0,1.0,822.1822989999907,1,224,Родовспоможение: Карта беременной,0.7967855,11,0.7967855,0.68414164,0.11264386000000004,1.0,1.0,1.0,1.0,1,1,1.0,0.3333333333333333,1.0,1.0,1,1,1.0,0.2,1.0,1.0,1,1,1.0,0.1,1.0,1.0,1,3,1.0,0.05,1.0,1.0,1,11
dense,Что отображается при нажатии на область с именем пользователя в правом верхнем углу экрана модуля родовых сертификатов?,239,WEB Родовспоможение: Родовые сертификаты,1,1.0,1.0,822.3683030000046,1,239,Родовспоможение: Родовые сертификаты,0.6673825,4,0.6673825,0.56112266,0.10625984,1.0,1.0,1.0,1.0,1,1,1.0,0.3333333333333333,1.0,1.0,1,1,1.0,0.2,1.0,1.0,1,1,1.0,0.1,1.0,1.0,1,2,1.0,0.05,1.0,1.0,1,4
dense,Как проставляется дата в отчёте ведомости №39 и что учитывается в графе 2 «всего» по посещениям?,518,Отчеты и работа с ними: №39 - Ведомость учета врачебных посещений в амбулаторно-поликлинических учреждениях на дому,1,1.0,1.0,821.8592930000028,1,518,Отчеты и работа с ними: №39 - Ведомость учета врачебных посещений в амбулаторно-поликлинических учреждениях на дому,0.633939,2,0.633939,0.5939892,0.039949800000000035,1.0,1.0,1.0,1.0,1,1,1.0,0.3333333333333333,1.0,1.0,1,1,1.0,0.2,1.0,1.0,1,1,1.0,0.1,1.0,1.0,1,1,1.0,0.05,1.0,1.0,1,2
dense,Какие действия на нижней панели доступны после заполнения направления на санаторно-курортное лечение и чем отличаются «Сохранить» и «Подписать и отправить»?,617,"Правильное оформление и отправка СЭМД: СЭМД (151)""Справка для получения путевки на санаторно-курортное лечение""",15,0.06666666666666667,0.06666666666666667,826.1706760000038,1,614,"Правильное оформление и отправка СЭМД: СЭМД (151)""Справка для получения путевки на санаторно-курортное лечение""",0.60564256,7,0.5292417,0.60564256,-0.07640086000000001,0.0,0.0,0.0,0.0,0,1,0.0,0.0,0.0,0.0,0,2,0.0,0.0,0.0,0.0,0,2,0.0,0.0,0.0,0.0,0,4,1.0,0.05,1.0,0.25,1,7
dense,Как перенести в текущую медицинскую запись данные из предыдущей записи того же или предыдущего случая лечения в шаблоне 2.0?,28,WEB Поликлиника: Врач поликлиники,1,1.0,1.0,915.427691000005,1,28,Поликлиника: Врач поликлиники,0.7076657,10,0.7076657,0.6391274,0.06853829999999994,1.0,1.0,1.0,1.0,1,1,1.0,0.3333333333333333,1.0,1.0,1,2,1.0,0.2,1.0,1.0,1,2,1.0,0.1,1.0,1.0,1,5,1.0,0.05,1.0,1.0,1,10
dense,При каких условиях по основному диагнозу и статусу направления можно сформировать СЭМД «Протокол инструментального исследования» и как отправить его через «Печать/ЭМД»?,575,"Правильное оформление и отправка СЭМД: СЭМД (110)""Протокол инструментального исследования""",2,0.5,0.5,856.4456719999924,1,566,"Правильное оформление и отправка СЭМД: СЭМД (110)""Протокол инструментального исследования""",0.83054304,5,0.8259983,0.83054304,-0.004544740000000047,0.0,0.0,0.0,0.0,0,1,1.0,0.3333333333333333,1.0,0.6309297535714575,1,1,1.0,0.2,1.0,0.6309297535714575,1,1,1.0,0.1,1.0,0.6309297535714575,1,3,1.0,0.05,1.0,0.6309297535714575,1,5
dense,"Как заполнить обязательные поля «Телефон» и «E-mail», если представитель отказывается сообщать номер или электронную почту?",204,WEB Регистратура: Создание и редактирование МКАБ,1,1.0,1.0,870.2989159999959,1,204,Регистратура: Создание и редактирование МКАБ,0.63084245,14,0.63084245,0.38310772,0.24773473000000007,1.0,1.0,1.0,1.0,1,1,1.0,0.3333333333333333,1.0,1.0,1,3,1.0,0.2,1.0,1.0,1,5,1.0,0.1,1.0,1.0,1,9,1.0,0.05,1.0,1.0,1,14
dense,Какие поля описываются на вкладке регистрации поступления тела в патолого-анатомическое отделение?,734,"Правильное оформление и отправка СЭМД: СЭМД (242)""Протокол патолого-анатомического вскрытия (CDA) Редакция 2""",1,1.0,1.0,832.5983699999995,1,734,"Правильное оформление и отправка СЭМД: СЭМД (242)""Протокол патолого-анатомического вскрытия (CDA) Редакция 2""",0.68056536,9,0.68056536,0.66845864,0.012106720000000015,1.0,1.0,1.0,1.0,1,1,1.0,0.3333333333333333,1.0,1.0,1,2,1.0,0.2,1.0,1.0,1,3,1.0,0.1,1.0,1.0,1,6,1.0,0.05,1.0,1.0,1,9
dense,Где можно ознакомиться с обязательными требованиями и порядком формирования СЭМД медицинского заключения по результатам медосмотра работника для подсистемы ЭЛМК?,666,"Правильное оформление и отправка СЭМД: СЭМД (194)""Медицинское заключение по результатам предварительного (периодического) медицинского осмотра (обследования)""",4,0.25,0.25,851.3522410000007,1,730,"Правильное оформление и отправка СЭМД: СЭМД (230)""Медицинское заключение по результатам медицинского осмотра работника для предоставления в подсистему ЭЛМК""",0.7632445,3,0.7432349,0.7632445,-0.02000959999999996,0.0,0.0,0.0,0.0,0,1,0.0,0.0,0.0,0.0,0,1,1.0,0.2,1.0,0.43067655807339306,1,2,1.0,0.1,1.0,0.43067655807339306,1,2,1.0,0.05,1.0,0.43067655807339306,1,3
dense,Какие условия по стадированию ЗНО и медицинским записям должны быть выполнены перед формированием и отправкой СЭМД «Протокол на случай выявления у больного запущенной формы ЗНО»?,719,"Правильное оформление и отправка СЭМД: СЭМД (211)""Протокол на случай выявления у больного запущенной формы ЗНО""",2,0.5,0.5,987.2015269999963,1,718,"Правильное оформление и отправка СЭМД: СЭМД (211)""Протокол на случай выявления у больного запущенной формы ЗНО""",0.7563751,10,0.7240265,0.7563751,-0.03234859999999995,0.0,0.0,0.0,0.0,0,1,1.0,0.3333333333333333,1.0,0.6309297535714575,1,2,1.0,0.2,1.0,0.6309297535714575,1,4,1.0,0.1,1.0,0.6309297535714575,1,5,1.0,0.05,1.0,0.6309297535714575,1,10
dense,Как из МКСБ или случая лечения перейти к решению врачебной комиссии и сформировать СЭМД «Выписка из протокола врачебной комиссии»?,430,Врачебная комиссия от направления до решения,1,1.0,1.0,847.7172690000003,1,430,Врачебная комиссия от направления до решения,0.77059954,10,0.77059954,0.7214937,0.049105839999999956,1.0,1.0,1.0,1.0,1,1,1.0,0.3333333333333333,1.0,1.0,1,2,1.0,0.2,1.0,1.0,1,4,1.0,0.1,1.0,1.0,1,7,1.0,0.05,1.0,1.0,1,10
dense,"Какая роль нужна для оформления родового сертификата, как создать договор со СФР и с какой недели беременности выдаётся электронный родовой сертификат?",226,WEB Родовспоможение: Родовые сертификаты,1,1.0,1.0,844.7118090000032,1,226,Родовспоможение: Родовые сертификаты,0.7520018,1,0.7520018,0.623216,0.12878580000000006,1.0,1.0,1.0,1.0,1,1,1.0,0.3333333333333333,1.0,1.0,1,1,1.0,0.2,1.0,1.0,1,1,1.0,0.1,1.0,1.0,1,1,1.0,0.05,1.0,1.0,1,1
dense,Как через журнал направлений внести результаты исследования с помощью шаблона «Протокол инструментального исследования» и отправить его в региональное хранилище?,460,Лабораторно-диагностические исследования,1,1.0,1.0,824.7543140000033,1,460,Лабораторно-диагностические исследования,0.6927582,7,0.6927582,0.61309695,0.07966125000000002,1.0,1.0,1.0,1.0,1,1,1.0,0.3333333333333333,1.0,1.0,1,2,1.0,0.2,1.0,1.0,1,2,1.0,0.1,1.0,1.0,1,3,1.0,0.05,1.0,1.0,1,7
dense,Что требуется выполнить прежде чем начать работу с выпиской льготных и коммерческих рецептов?,604,"Правильное оформление и отправка СЭМД: СЭМД (148)""Рецепт на лекарственный препарат (CDA)""",1,1.0,1.0,807.1894670000006,1,604,"Правильное оформление и отправка СЭМД: СЭМД (148)""Рецепт на лекарственный препарат (CDA)""",0.5700943,7,0.5700943,0.567129,0.0029653000000000596,1.0,1.0,1.0,1.0,1,1,1.0,0.3333333333333333,1.0,1.0,1,2,1.0,0.2,1.0,1.0,1,3,1.0,0.1,1.0,1.0,1,3,1.0,0.05,1.0,1.0,1,7
dense,Как в стационаре создать направление на исследования и чем отличается сохранение черновика от подписания направления?,285,WEB Стационар: Врач стационара,1,1.0,1.0,870.3245159999966,1,285,Стационар: Врач стационара,0.62402385,12,0.62402385,0.6194502,0.004573650000000096,1.0,1.0,1.0,1.0,1,1,1.0,0.3333333333333333,1.0,1.0,1,3,1.0,0.2,1.0,1.0,1,4,1.0,0.1,1.0,1.0,1,7,1.0,0.05,1.0,1.0,1,12
dense,Как формируются поля «Номер карты» и «Дата карты» при работе с картой профилактических осмотров (ПФО)?,829,Работа кабинета ПФО,1,1.0,1.0,823.5482940000054,1,829,Работа кабинета ПФО,0.6312019,9,0.6312019,0.617534,0.013667899999999955,1.0,1.0,1.0,1.0,1,1,1.0,0.3333333333333333,1.0,1.0,1,1,1.0,0.2,1.0,1.0,1,2,1.0,0.1,1.0,1.0,1,3,1.0,0.05,1.0,1.0,1,9
dense,Как врачу в личном кабинете открыть карту медицинских обследований и при каком проценте выполнения комиссии терапевт может дать заключение по диспансеризации?,7,WEB Диспансеризация,2,0.5,0.5,820.6232710000023,1,9,Диспансеризация,0.6587317,9,0.6477145,0.6587317,-0.01101720000000006,0.0,0.0,0.0,0.0,0,1,1.0,0.3333333333333333,1.0,0.6309297535714575,1,1,1.0,0.2,1.0,0.6309297535714575,1,3,1.0,0.1,1.0,0.6309297535714575,1,5,1.0,0.05,1.0,0.6309297535714575,1,9
dense,Как получить печатную форму медицинской справки о состоянии здоровья ребёнка для организации отдыха детей?,778,"Правильное оформление и отправка СЭМД: СЭМД (87)""Медицинская справка о состоянии здоровья ребенка отъезжающего в организацию отдыха детей и их оздоровления""""",1,1.0,1.0,809.7903560000077,1,778,"Правильное оформление и отправка СЭМД: СЭМД (87)""Медицинская справка о состоянии здоровья ребенка отъезжающего в организацию отдыха детей и их оздоровления""""",0.72259074,7,0.72259074,0.70825505,0.014335690000000012,1.0,1.0,1.0,1.0,1,1,1.0,0.3333333333333333,1.0,1.0,1,1,1.0,0.2,1.0,1.0,1,1,1.0,0.1,1.0,1.0,1,5,1.0,0.05,1.0,1.0,1,7
dense,Что происходит после заполнения карты ПФО при нажатии «Предварительный просмотр» и какие дальнейшие действия с документом доступны после подписания?,826,Работа кабинета ПФО,1,1.0,1.0,822.3491490000043,1,826,Работа кабинета ПФО,0.72771597,7,0.72771597,0.67344606,0.05426991000000003,1.0,1.0,1.0,1.0,1,1,1.0,0.3333333333333333,1.0,1.0,1,1,1.0,0.2,1.0,1.0,1,1,1.0,0.1,1.0,1.0,1,1,1.0,0.05,1.0,1.0,1,7
dense,Как в синей версии МКАБ добавить участки прикрепления пациента?,164,WEB Регистратура: Работа с МКАБ в синей версии,2,0.5,0.5,931.8144169999982,1,177,Регистратура: Работа с МКАБ в синей версии,0.84885347,2,0.8479806,0.84885347,-0.0008728700000000256,0.0,0.0,0.0,0.0,0,1,1.0,0.3333333333333333,1.0,0.6309297535714575,1,2,1.0,0.2,1.0,0.6309297535714575,1,2,1.0,0.1,1.0,0.6309297535714575,1,2,1.0,0.05,1.0,0.6309297535714575,1,2
dense,Какие признаки обязательно выставить для формирования СЭМД талона №2 и при каких значениях поля «Категория льготы» становится доступен признак «Направлен к месту лечения»?,715,"Правильное оформление и отправка СЭМД: СЭМД (210)""Талон № 2 на получение специальных талонов (именных направлений) на проезд к месту лечения для получения медицинской помощи""",1,1.0,1.0,828.6130940000049,1,715,"Правильное оформление и отправка СЭМД: СЭМД (210)""Талон № 2 на получение специальных талонов (именных направлений) на проезд к месту лечения для получения медицинской помощи""",0.7610778,5,0.7610778,0.7160833,0.04499450000000005,1.0,1.0,1.0,1.0,1,1,1.0,0.3333333333333333,1.0,1.0,1,2,1.0,0.2,1.0,1.0,1,2,1.0,0.1,1.0,1.0,1,3,1.0,0.05,1.0,1.0,1,5
dense,Какими способами можно оформить согласие пациента при госпитализации и как добавить согласие через раздел «Согласия»?,349,WEB Стационар: Приемный покой,1,1.0,1.0,824.9153130000053,1,349,Стационар: Приемный покой,0.7405964,12,0.7405964,0.60754526,0.13305114000000007,1.0,1.0,1.0,1.0,1,1,1.0,0.3333333333333333,1.0,1.0,1,2,1.0,0.2,1.0,1.0,1,4,1.0,0.1,1.0,1.0,1,7,1.0,0.05,1.0,1.0,1,12
dense,Как начать редактирование персональных данных пациента и сколько основных подразделов доступно при редактировании?,160,WEB Регистратура: Работа с МКАБ в синей версии,1,1.0,1.0,828.7582700000087,1,160,Регистратура: Работа с МКАБ в синей версии,0.6824042,11,0.6824042,0.68090534,0.0014988599999999908,1.0,1.0,1.0,1.0,1,1,1.0,0.3333333333333333,1.0,1.0,1,2,1.0,0.2,1.0,1.0,1,4,1.0,0.1,1.0,1.0,1,8,1.0,0.05,1.0,1.0,1,11
dense,Кто и при каких условиях может заполнять раздел «Степени и факторы риска» в карте беременной и как связаны между собой анкеты шкалы Радзинского?,221,WEB Родовспоможение: Карта беременной,1,1.0,1.0,901.7775039999947,1,221,Родовспоможение: Карта беременной,0.7840173,6,0.7840173,0.56748784,0.21652946000000006,1.0,1.0,1.0,1.0,1,1,1.0,0.3333333333333333,1.0,1.0,1,1,1.0,0.2,1.0,1.0,1,1,1.0,0.1,1.0,1.0,1,3,1.0,0.05,1.0,1.0,1,6
dense,При каком условии относительно ТАП доступно формирование СЭМД и как отправить в РЭМД эпикриз по законченному амбулаторному случаю?,782,"Правильное оформление и отправка СЭМД: СЭМД (92)""Эпикриз по законченному случаю амбулаторный""",2,0.5,0.5,893.4379500000063,1,781,"Правильное оформление и отправка СЭМД: СЭМД (92)""Эпикриз по законченному случаю амбулаторный""",0.7220559,13,0.70712006,0.7220559,-0.014935839999999923,0.0,0.0,0.0,0.0,0,1,1.0,0.3333333333333333,1.0,0.6309297535714575,1,2,1.0,0.2,1.0,0.6309297535714575,1,4,1.0,0.1,1.0,0.6309297535714575,1,7,1.0,0.05,1.0,0.6309297535714575,1,13
dense,"Как в блоке «Поступление» меняется перечень обязательных полей в зависимости от типа госпитализации (планово, экстренно, неотложно)?",345,WEB Стационар: Приемный покой,1,1.0,1.0,826.4829780000014,1,345,Стационар: Приемный покой,0.70719385,10,0.70719385,0.6046571,0.10253675000000007,1.0,1.0,1.0,1.0,1,1,1.0,0.3333333333333333,1.0,1.0,1,3,1.0,0.2,1.0,1.0,1,5,1.0,0.1,1.0,1.0,1,6,1.0,0.05,1.0,1.0,1,10
dense,Из каких вкладок состоит окно «Листок нетрудоспособности» и для чего используется кнопка получения пула номеров из ФСС при оформлении первичного ЛН?,95,WEB Поликлиника: Лист нетрудоспособности,1,1.0,1.0,819.9285240000052,1,95,Поликлиника: Лист нетрудоспособности,0.6815678,10,0.6815678,0.64720917,0.034358629999999946,1.0,1.0,1.0,1.0,1,1,1.0,0.3333333333333333,1.0,1.0,1,1,1.0,0.2,1.0,1.0,1,1,1.0,0.1,1.0,1.0,1,2,1.0,0.05,1.0,1.0,1,10
dense,Где в системе находятся личные настройки пользователя и как добавить или сбросить настройку до значения по умолчанию для врача?,390,Администрирование МИС: Отчеты настройки и прочее,1,1.0,1.0,795.6969530000038,1,390,Администрирование МИС: Отчеты настройки и прочее,0.70610034,11,0.70610034,0.62708837,0.07901197000000004,1.0,1.0,1.0,1.0,1,1,1.0,0.3333333333333333,1.0,1.0,1,2,1.0,0.2,1.0,1.0,1,2,1.0,0.1,1.0,1.0,1,5,1.0,0.05,1.0,1.0,1,11
dense,Какие сведения отображаются во вкладке листков нетрудоспособности в ТАП/МКСБ и как создать новый электронный листок нетрудоспособности?,100,WEB Поликлиника: Лист нетрудоспособности,1,1.0,1.0,810.4739010000088,1,100,Поликлиника: Лист нетрудоспособности,0.7194303,6,0.7194303,0.6956758,0.02375450000000001,1.0,1.0,1.0,1.0,1,1,1.0,0.3333333333333333,1.0,1.0,1,1,1.0,0.2,1.0,1.0,1,1,1.0,0.1,1.0,1.0,1,1,1.0,0.05,1.0,1.0,1,6
dense,Какие коды медицинских шаблонов АВ перечислены в инструкции и где в интерфейсе их искать?,368,WEB Стационар: Формы приказа 530н: Работа с шаблонами осмотров АВ,1,1.0,1.0,924.2038820000005,1,368,Стационар: Формы приказа 530н: Работа с шаблонами осмотров АВ,0.6561385,6,0.6561385,0.65239394,0.003744560000000008,1.0,1.0,1.0,1.0,1,1,1.0,0.3333333333333333,1.0,1.0,1,1,1.0,0.2,1.0,1.0,1,1,1.0,0.1,1.0,1.0,1,3,1.0,0.05,1.0,1.0,1,6
dense,"Что делать, если при сохранении МКСБ появляется сообщение об ошибке «Проверьте правильность заполнения формы»?",353,WEB Стационар: Приемный покой,1,1.0,1.0,807.7476370000056,1,353,Стационар: Приемный покой,0.6975888,7,0.6975888,0.5990056,0.09858319999999998,1.0,1.0,1.0,1.0,1,1,1.0,0.3333333333333333,1.0,1.0,1,3,1.0,0.2,1.0,1.0,1,3,1.0,0.1,1.0,1.0,1,3,1.0,0.05,1.0,1.0,1,7
sparse,Какие данные в МКАБ пациента должны быть заполнены для успешного формирования СЭМД «Медицинское заключение по результатам предварительного (периодического) медицинского осмотра (обследования)»?,655,"Правильное оформление и отправка СЭМД: СЭМД (194)""Медицинское заключение по результатам предварительного (периодического) медицинского осмотра (обследования)""",5,0.2,0.2,12.559795999990797,1,661,"Правильное оформление и отправка СЭМД: СЭМД (194)""Медицинское заключение по результатам предварительного (периодического) медицинского осмотра (обследования)""",51.18647715095934,4,46.4524276423197,51.18647715095934,-4.734049508639643,0.0,0.0,0.0,0.0,0,1,0.0,0.0,0.0,0.0,0,2,1.0,0.2,1.0,0.38685280723454163,1,2,1.0,0.1,1.0,0.38685280723454163,1,2,1.0,0.05,1.0,0.38685280723454163,1,4
sparse,Что происходит при снятии флажка у блока «Слуховой паспорт» в шаблоне осмотра отоларинголога и как вводятся результаты исследований?,115,"WEB Поликлиника: Работа с шаблонами: Шаблон ""Осмотр отоларинголога (20)""",1,1.0,1.0,2.3399550000107183,1,115,"Поликлиника: Работа с шаблонами: Шаблон ""Осмотр отоларинголога (20)""",33.495700381165136,15,33.495700381165136,20.445206007294374,13.050494373870762,1.0,1.0,1.0,1.0,1,1,1.0,0.3333333333333333,1.0,1.0,1,2,1.0,0.2,1.0,1.0,1,4,1.0,0.1,1.0,1.0,1,8,1.0,0.05,1.0,1.0,1,15
sparse,Что открывается пользователю при работе с медицинскими записями после выбора соответствующего действия?,26,WEB Поликлиника: Врач поликлиники,,0.0,0.0,1.2614299999995637,1,317,Стационар: Медсестра отделения,18.790768166881648,16,,18.790768166881648,,0.0,0.0,0.0,0.0,0,1,0.0,0.0,0.0,0.0,0,2,0.0,0.0,0.0,0.0,0,3,0.0,0.0,0.0,0.0,0,7,0.0,0.0,0.0,0.0,0,16
sparse,"Что нужно сделать после заполнения формы с результатами медосмотра, чтобы СЭМД был подписан и отправлен в РЭМД?",760,"Правильное оформление и отправка СЭМД: СЭМД (63)""Медицинское заключение об отсутствии медицинских противопоказаний к владению оружием""",2,0.5,0.5,1.6255390000026182,1,754,"Правильное оформление и отправка СЭМД: СЭМД (4)""Медицинская справка о допуске к управлению транспортными средствами""""",29.290221390128217,18,25.77971861218298,29.290221390128217,-3.510502777945238,0.0,0.0,0.0,0.0,0,1,1.0,0.3333333333333333,1.0,0.6309297535714575,1,3,1.0,0.2,1.0,0.6309297535714575,1,5,1.0,0.1,1.0,0.6309297535714575,1,9,1.0,0.05,1.0,0.6309297535714575,1,18
sparse,Как оформить перевод пациента в реанимацию и как закрыть реанимационный период в МКСБ?,282,WEB Стационар: Врач стационара,4,0.25,0.25,1.2221289999985174,1,331,Стационар: Отказ от госпитализации,24.091868367914536,18,22.012276501691233,24.091868367914536,-2.0795918662233035,0.0,0.0,0.0,0.0,0,1,0.0,0.0,0.0,0.0,0,3,1.0,0.2,1.0,0.43067655807339306,1,4,1.0,0.1,1.0,0.43067655807339306,1,9,1.0,0.05,1.0,0.43067655807339306,1,18
sparse,Как в модуле электронного родового сертификата перейти к отчётам и сформировать файл отчёта за период?,251,WEB Родовспоможение: Родовые сертификаты,4,0.25,0.25,1.4432340000070099,1,226,Родовспоможение: Родовые сертификаты,24.15051148752698,9,23.366915169447964,24.15051148752698,-0.7835963180790166,0.0,0.0,0.0,0.0,0,1,0.0,0.0,0.0,0.0,0,2,1.0,0.2,1.0,0.43067655807339306,1,3,1.0,0.1,1.0,0.43067655807339306,1,4,1.0,0.05,1.0,0.43067655807339306,1,9
sparse,При каких условиях можно добавить сведения о посещении в ЭРС и какие ограничения действуют для полей «Срок беременности» и «Дата следующего посещения»?,229,WEB Родовспоможение: Родовые сертификаты,1,1.0,1.0,2.1865519999977323,1,229,Родовспоможение: Родовые сертификаты,44.75618152668106,9,44.75618152668106,40.081206047254454,4.674975479426607,1.0,1.0,1.0,1.0,1,1,1.0,0.3333333333333333,1.0,1.0,1,1,1.0,0.2,1.0,1.0,1,3,1.0,0.1,1.0,1.0,1,5,1.0,0.05,1.0,1.0,1,9
sparse,Какие требования предъявляются к датам оказания услуги в ТАП и к порядку отражения первичного и повторного приёма?,143,WEB Поликлиника: Формирование ТАП для статистов,1,1.0,1.0,1.4421340000012606,1,143,Поликлиника: Формирование ТАП для статистов,33.419883922551506,17,33.419883922551506,30.334818133323694,3.085065789227812,1.0,1.0,1.0,1.0,1,1,1.0,0.3333333333333333,1.0,1.0,1,3,1.0,0.2,1.0,1.0,1,4,1.0,0.1,1.0,1.0,1,7,1.0,0.05,1.0,1.0,1,17
sparse,"Как распечатать водительскую справку после того, как карта мероприятий подписана и стала недоступна для редактирования?",755,"Правильное оформление и отправка СЭМД: СЭМД (4)""Медицинская справка о допуске к управлению транспортными средствами""""",9,0.1111111111111111,0.1111111111111111,1.3474320000028683,1,668,"Правильное оформление и отправка СЭМД: СЭМД (196) Медицинская справка (врачебное профессионально-консультативное заключение)""",21.007487278251222,19,13.975985808694798,21.007487278251222,-7.031501469556424,0.0,0.0,0.0,0.0,0,1,0.0,0.0,0.0,0.0,0,3,0.0,0.0,0.0,0.0,0,4,1.0,0.1,1.0,0.3010299956639812,1,9,1.0,0.05,1.0,0.3010299956639812,1,19
sparse,Где просматривать статистику по открытым и закрытым талонам амбулаторного пациента и какие фильтры при этом доступны?,105,"WEB Поликлиника: Просмотр статистических данных по ""Случаям лечения""",1,1.0,1.0,1.43843400000776,1,105,"Поликлиника: Просмотр статистических данных по ""Случаям лечения""",21.745610193460802,19,21.745610193460802,18.422502790739525,3.323107402721277,1.0,1.0,1.0,1.0,1,1,1.0,0.3333333333333333,1.0,1.0,1,3,1.0,0.2,1.0,1.0,1,4,1.0,0.1,1.0,1.0,1,9,1.0,0.05,1.0,1.0,1,19
sparse,"Как открепить прикреплённый файл, в каких форматах доступна печать документа и как распечатать справку «Медицинское заключение»?",693,"Правильное оформление и отправка СЭМД: СЭМД (204)""Медицинское заключение""",4,0.25,0.25,1.3395309999992833,1,679,"Правильное оформление и отправка СЭМД: СЭМД (204)""Медицинское заключение""",30.575909305812285,8,29.146782886814872,30.575909305812285,-1.4291264189974129,0.0,0.0,0.0,0.0,0,1,0.0,0.0,0.0,0.0,0,1,1.0,0.2,1.0,0.43067655807339306,1,1,1.0,0.1,1.0,0.43067655807339306,1,2,1.0,0.05,1.0,0.43067655807339306,1,8
sparse,"Что такое карта мероприятий, как с ней работать и что оформляется на заключительном мероприятии у терапевта или врача общей практики?",759,"Правильное оформление и отправка СЭМД: СЭМД (63)""Медицинское заключение об отсутствии медицинских противопоказаний к владению оружием""",1,1.0,1.0,1.6481389999967178,1,759,"Правильное оформление и отправка СЭМД: СЭМД (63)""Медицинское заключение об отсутствии медицинских противопоказаний к владению оружием""",28.753091102173695,14,28.753091102173695,28.485003910141042,0.2680871920326524,1.0,1.0,1.0,1.0,1,1,1.0,0.3333333333333333,1.0,1.0,1,3,1.0,0.2,1.0,1.0,1,5,1.0,0.1,1.0,1.0,1,9,1.0,0.05,1.0,1.0,1,14
sparse,"Как сформировать, подписать и отправить в РЭМД СЭМД «Медицинское заключение о допуске к выполнению работ на высоте» (редакция 1)?",559,"Правильное оформление и отправка СЭМД: СЭМД (101)""Медицинское заключение о допуске к выполнению работ на высоте верхолазных работ работ связанных с подъемом на высоту а также по обслуживанию подъемных сооружений""",1,1.0,1.0,1.5750369999949498,1,559,"Правильное оформление и отправка СЭМД: СЭМД (101)""Медицинское заключение о допуске к выполнению работ на высоте верхолазных работ работ связанных с подъемом на высоту а также по обслуживанию подъемных сооружений""",56.38951974447107,12,56.38951974447107,53.20911581695889,3.180403927512181,1.0,1.0,1.0,1.0,1,1,1.0,0.3333333333333333,1.0,1.0,1,1,1.0,0.2,1.0,1.0,1,2,1.0,0.1,1.0,1.0,1,3,1.0,0.05,1.0,1.0,1,12
sparse,Какой структурированный электронный медицинский документ можно сформировать и отправить в отчётных формах по иммунопрофилактике в описанном блоке?,90,WEB Поликлиника: Иммунопрофилактика,1,1.0,1.0,1.4736349999964204,1,90,Поликлиника: Иммунопрофилактика,35.69443957813797,12,35.69443957813797,23.600426732282408,12.09401284585556,1.0,1.0,1.0,1.0,1,1,1.0,0.3333333333333333,1.0,1.0,1,3,1.0,0.2,1.0,1.0,1,5,1.0,0.1,1.0,1.0,1,7,1.0,0.05,1.0,1.0,1,12
sparse,Какие системные настройки в разделе администрирования должен проверить или установить администратор перед работой с рецептами?,605,"Правильное оформление и отправка СЭМД: СЭМД (148)""Рецепт на лекарственный препарат (CDA)""",5,0.2,0.2,1.2694299999935765,1,1,Диспансеризация,28.035492758370797,15,18.98900969376035,28.035492758370797,-9.046483064610445,0.0,0.0,0.0,0.0,0,1,0.0,0.0,0.0,0.0,0,3,1.0,0.2,1.0,0.38685280723454163,1,5,1.0,0.1,1.0,0.38685280723454163,1,7,1.0,0.05,1.0,0.38685280723454163,1,15
sparse,"Как оформить электронное свидетельство о рождении (галочки по пунктам СР), подтянуть данные из МКАБ и что делать со «старым» или ручным адресом при регистрации?",433,Демография: Свидетельство о рождении,1,1.0,1.0,1.8692439999909993,1,433,Демография: Свидетельство о рождении,45.12560446204589,13,45.12560446204589,42.51174110979998,2.6138633522459145,1.0,1.0,1.0,1.0,1,1,1.0,0.3333333333333333,1.0,1.0,1,1,1.0,0.2,1.0,1.0,1,1,1.0,0.1,1.0,1.0,1,5,1.0,0.05,1.0,1.0,1,13
sparse,Куда попадает информация после записи пациента на приём и как вернуться в шаблон осмотра врача 2.0?,33,WEB Поликлиника: Врач поликлиники,3,0.3333333333333333,0.3333333333333333,1.3725330000085023,1,41,Поликлиника: Врач поликлиники,22.364065822246012,17,21.269843745340758,22.364065822246012,-1.094222076905254,0.0,0.0,0.0,0.0,0,1,1.0,0.3333333333333333,1.0,0.5,1,2,1.0,0.2,1.0,0.5,1,4,1.0,0.1,1.0,0.5,1,8,1.0,0.05,1.0,0.5,1,17
sparse,Как в шаблоне №200 МЗ добавить в медицинскую запись результаты ранее проведённых исследований?,31,WEB Поликлиника: Врач поликлиники,1,1.0,1.0,1.0937259999934668,1,31,Поликлиника: Врач поликлиники,39.585124789614625,13,39.585124789614625,38.224934746285626,1.3601900433289984,1.0,1.0,1.0,1.0,1,1,1.0,0.3333333333333333,1.0,1.0,1,2,1.0,0.2,1.0,1.0,1,3,1.0,0.1,1.0,1.0,1,8,1.0,0.05,1.0,1.0,1,13
sparse,Какая информация заполняется на вкладке «Дополнительная информация» листка нетрудоспособности в части освидетельствования в бюро МСЭ?,96,WEB Поликлиника: Лист нетрудоспособности,1,1.0,1.0,1.287930000003712,1,96,Поликлиника: Лист нетрудоспособности,53.099922569034796,8,53.099922569034796,32.187049516550246,20.91287305248455,1.0,1.0,1.0,1.0,1,1,1.0,0.3333333333333333,1.0,1.0,1,2,1.0,0.2,1.0,1.0,1,2,1.0,0.1,1.0,1.0,1,4,1.0,0.05,1.0,1.0,1,8
sparse,"Что необходимо сделать, чтобы открыть и сохранить карту беременной, и как затем распечатать нужную форму?",224,WEB Родовспоможение: Карта беременной,1,1.0,1.0,1.3909319999925174,1,224,Родовспоможение: Карта беременной,28.742360000589816,15,28.742360000589816,16.91463199895511,11.827728001634707,1.0,1.0,1.0,1.0,1,1,1.0,0.3333333333333333,1.0,1.0,1,3,1.0,0.2,1.0,1.0,1,5,1.0,0.1,1.0,1.0,1,8,1.0,0.05,1.0,1.0,1,15
sparse,Что отображается при нажатии на область с именем пользователя в правом верхнем углу экрана модуля родовых сертификатов?,239,WEB Родовспоможение: Родовые сертификаты,1,1.0,1.0,1.5843369999970491,1,239,Родовспоможение: Родовые сертификаты,52.06520612603706,12,52.06520612603706,27.252206422101487,24.812999703935574,1.0,1.0,1.0,1.0,1,1,1.0,0.3333333333333333,1.0,1.0,1,2,1.0,0.2,1.0,1.0,1,4,1.0,0.1,1.0,1.0,1,8,1.0,0.05,1.0,1.0,1,12
sparse,Как проставляется дата в отчёте ведомости №39 и что учитывается в графе 2 «всего» по посещениям?,518,Отчеты и работа с ними: №39 - Ведомость учета врачебных посещений в амбулаторно-поликлинических учреждениях на дому,1,1.0,1.0,1.400032999995915,1,518,Отчеты и работа с ними: №39 - Ведомость учета врачебных посещений в амбулаторно-поликлинических учреждениях на дому,31.434275812020832,7,31.434275812020832,26.28406747648162,5.150208335539212,1.0,1.0,1.0,1.0,1,1,1.0,0.3333333333333333,1.0,1.0,1,2,1.0,0.2,1.0,1.0,1,2,1.0,0.1,1.0,1.0,1,4,1.0,0.05,1.0,1.0,1,7
sparse,Какие действия на нижней панели доступны после заполнения направления на санаторно-курортное лечение и чем отличаются «Сохранить» и «Подписать и отправить»?,617,"Правильное оформление и отправка СЭМД: СЭМД (151)""Справка для получения путевки на санаторно-курортное лечение""",1,1.0,1.0,1.8549440000015238,1,617,"Правильное оформление и отправка СЭМД: СЭМД (151)""Справка для получения путевки на санаторно-курортное лечение""",47.48574139125816,9,47.48574139125816,45.00852817460753,2.4772132166506324,1.0,1.0,1.0,1.0,1,1,1.0,0.3333333333333333,1.0,1.0,1,2,1.0,0.2,1.0,1.0,1,3,1.0,0.1,1.0,1.0,1,6,1.0,0.05,1.0,1.0,1,9
sparse,Как перенести в текущую медицинскую запись данные из предыдущей записи того же или предыдущего случая лечения в шаблоне 2.0?,28,WEB Поликлиника: Врач поликлиники,1,1.0,1.0,1.6634389999978794,1,28,Поликлиника: Врач поликлиники,49.50874225846862,14,49.50874225846862,41.12081630584335,8.387925952625274,1.0,1.0,1.0,1.0,1,1,1.0,0.3333333333333333,1.0,1.0,1,3,1.0,0.2,1.0,1.0,1,4,1.0,0.1,1.0,1.0,1,8,1.0,0.05,1.0,1.0,1,14
sparse,При каких условиях по основному диагнозу и статусу направления можно сформировать СЭМД «Протокол инструментального исследования» и как отправить его через «Печать/ЭМД»?,575,"Правильное оформление и отправка СЭМД: СЭМД (110)""Протокол инструментального исследования""",1,1.0,1.0,1.9182449999988194,1,575,"Правильное оформление и отправка СЭМД: СЭМД (110)""Протокол инструментального исследования""",38.13656846732281,13,38.13656846732281,32.87288998309417,5.263678484228642,1.0,1.0,1.0,1.0,1,1,1.0,0.3333333333333333,1.0,1.0,1,3,1.0,0.2,1.0,1.0,1,4,1.0,0.1,1.0,1.0,1,6,1.0,0.05,1.0,1.0,1,13
sparse,"Как заполнить обязательные поля «Телефон» и «E-mail», если представитель отказывается сообщать номер или электронную почту?",204,WEB Регистратура: Создание и редактирование МКАБ,1,1.0,1.0,1.5539369999970631,1,204,Регистратура: Создание и редактирование МКАБ,48.623029567554745,15,48.623029567554745,18.901615039974175,29.72141452758057,1.0,1.0,1.0,1.0,1,1,1.0,0.3333333333333333,1.0,1.0,1,2,1.0,0.2,1.0,1.0,1,4,1.0,0.1,1.0,1.0,1,9,1.0,0.05,1.0,1.0,1,15
sparse,Какие поля описываются на вкладке регистрации поступления тела в патолого-анатомическое отделение?,734,"Правильное оформление и отправка СЭМД: СЭМД (242)""Протокол патолого-анатомического вскрытия (CDA) Редакция 2""",1,1.0,1.0,1.027524000008384,1,734,"Правильное оформление и отправка СЭМД: СЭМД (242)""Протокол патолого-анатомического вскрытия (CDA) Редакция 2""",43.141632212990906,15,43.141632212990906,32.05063237035739,11.090999842633515,1.0,1.0,1.0,1.0,1,1,1.0,0.3333333333333333,1.0,1.0,1,2,1.0,0.2,1.0,1.0,1,4,1.0,0.1,1.0,1.0,1,6,1.0,0.05,1.0,1.0,1,15
sparse,Где можно ознакомиться с обязательными требованиями и порядком формирования СЭМД медицинского заключения по результатам медосмотра работника для подсистемы ЭЛМК?,666,"Правильное оформление и отправка СЭМД: СЭМД (194)""Медицинское заключение по результатам предварительного (периодического) медицинского осмотра (обследования)""",10,0.1,0.1,1.580638000007184,1,731,"Правильное оформление и отправка СЭМД: СЭМД (230)""Медицинское заключение по результатам медицинского осмотра работника для предоставления в подсистему ЭЛМК""",35.43052243533411,7,20.566019543170235,35.43052243533411,-14.864502892163877,0.0,0.0,0.0,0.0,0,1,0.0,0.0,0.0,0.0,0,1,0.0,0.0,0.0,0.0,0,1,1.0,0.1,1.0,0.2890648263178879,1,2,1.0,0.05,1.0,0.2890648263178879,1,7
sparse,Какие условия по стадированию ЗНО и медицинским записям должны быть выполнены перед формированием и отправкой СЭМД «Протокол на случай выявления у больного запущенной формы ЗНО»?,719,"Правильное оформление и отправка СЭМД: СЭМД (211)""Протокол на случай выявления у больного запущенной формы ЗНО""",2,0.5,0.5,1.9974469999937128,1,718,"Правильное оформление и отправка СЭМД: СЭМД (211)""Протокол на случай выявления у больного запущенной формы ЗНО""",73.47927963315276,17,55.10574591268075,73.47927963315276,-18.373533720472004,0.0,0.0,0.0,0.0,0,1,1.0,0.3333333333333333,1.0,0.6309297535714575,1,2,1.0,0.2,1.0,0.6309297535714575,1,4,1.0,0.1,1.0,0.6309297535714575,1,9,1.0,0.05,1.0,0.6309297535714575,1,17
sparse,Как из МКСБ или случая лечения перейти к решению врачебной комиссии и сформировать СЭМД «Выписка из протокола врачебной комиссии»?,430,Врачебная комиссия от направления до решения,3,0.3333333333333333,0.3333333333333333,1.6236379999980954,1,784,"Правильное оформление и отправка СЭМД: СЭМД (99)""Выписка из протокола врачебной комиссии""",46.16345644176276,13,44.70606693783173,46.16345644176276,-1.457389503931033,0.0,0.0,0.0,0.0,0,1,1.0,0.3333333333333333,1.0,0.5,1,2,1.0,0.2,1.0,0.5,1,3,1.0,0.1,1.0,0.5,1,7,1.0,0.05,1.0,0.5,1,13
sparse,"Какая роль нужна для оформления родового сертификата, как создать договор со СФР и с какой недели беременности выдаётся электронный родовой сертификат?",226,WEB Родовспоможение: Родовые сертификаты,1,1.0,1.0,1.8261430000023893,1,226,Родовспоможение: Родовые сертификаты,49.615738619130575,5,49.615738619130575,41.87682028318908,7.7389183359414915,1.0,1.0,1.0,1.0,1,1,1.0,0.3333333333333333,1.0,1.0,1,1,1.0,0.2,1.0,1.0,1,1,1.0,0.1,1.0,1.0,1,2,1.0,0.05,1.0,1.0,1,5
sparse,Как через журнал направлений внести результаты исследования с помощью шаблона «Протокол инструментального исследования» и отправить его в региональное хранилище?,460,Лабораторно-диагностические исследования,1,1.0,1.0,1.6797400000001517,1,460,Лабораторно-диагностические исследования,54.26469118751425,7,54.26469118751425,44.386914974925844,9.877776212588408,1.0,1.0,1.0,1.0,1,1,1.0,0.3333333333333333,1.0,1.0,1,2,1.0,0.2,1.0,1.0,1,3,1.0,0.1,1.0,1.0,1,4,1.0,0.05,1.0,1.0,1,7
sparse,Что требуется выполнить прежде чем начать работу с выпиской льготных и коммерческих рецептов?,604,"Правильное оформление и отправка СЭМД: СЭМД (148)""Рецепт на лекарственный препарат (CDA)""",1,1.0,1.0,1.1266260000013517,1,604,"Правильное оформление и отправка СЭМД: СЭМД (148)""Рецепт на лекарственный препарат (CDA)""",67.9282205566066,12,67.9282205566066,29.439789395501432,38.48843116110517,1.0,1.0,1.0,1.0,1,1,1.0,0.3333333333333333,1.0,1.0,1,2,1.0,0.2,1.0,1.0,1,2,1.0,0.1,1.0,1.0,1,3,1.0,0.05,1.0,1.0,1,12
sparse,Как в стационаре создать направление на исследования и чем отличается сохранение черновика от подписания направления?,285,WEB Стационар: Врач стационара,4,0.25,0.25,1.2758299999973133,1,460,Лабораторно-диагностические исследования,24.76876141664645,15,21.745736967706936,24.76876141664645,-3.0230244489395126,0.0,0.0,0.0,0.0,0,1,0.0,0.0,0.0,0.0,0,3,1.0,0.2,1.0,0.43067655807339306,1,5,1.0,0.1,1.0,0.43067655807339306,1,9,1.0,0.05,1.0,0.43067655807339306,1,15
sparse,Как формируются поля «Номер карты» и «Дата карты» при работе с картой профилактических осмотров (ПФО)?,829,Работа кабинета ПФО,4,0.25,0.25,1.4174339999897256,1,66,Поликлиника: Иммунопрофилактика,25.421680054904343,10,23.83770337504151,25.421680054904343,-1.5839766798628325,0.0,0.0,0.0,0.0,0,1,0.0,0.0,0.0,0.0,0,3,1.0,0.2,1.0,0.43067655807339306,1,3,1.0,0.1,1.0,0.43067655807339306,1,6,1.0,0.05,1.0,0.43067655807339306,1,10
sparse,Как врачу в личном кабинете открыть карту медицинских обследований и при каком проценте выполнения комиссии терапевт может дать заключение по диспансеризации?,7,WEB Диспансеризация,1,1.0,1.0,1.7113410000035856,1,7,Диспансеризация,38.64962977935795,15,38.64962977935795,37.998196599728615,0.6514331796293362,1.0,1.0,1.0,1.0,1,1,1.0,0.3333333333333333,1.0,1.0,1,3,1.0,0.2,1.0,1.0,1,4,1.0,0.1,1.0,1.0,1,8,1.0,0.05,1.0,1.0,1,15
sparse,Как получить печатную форму медицинской справки о состоянии здоровья ребёнка для организации отдыха детей?,778,"Правильное оформление и отправка СЭМД: СЭМД (87)""Медицинская справка о состоянии здоровья ребенка отъезжающего в организацию отдыха детей и их оздоровления""""",3,0.3333333333333333,0.3333333333333333,1.1727280000002338,1,777,"Правильное оформление и отправка СЭМД: СЭМД (87)""Медицинская справка о состоянии здоровья ребенка отъезжающего в организацию отдыха детей и их оздоровления""""",38.774515752445396,14,34.64505014698683,38.774515752445396,-4.129465605458563,0.0,0.0,0.0,0.0,0,1,1.0,0.3333333333333333,1.0,0.5,1,1,1.0,0.2,1.0,0.5,1,1,1.0,0.1,1.0,0.5,1,6,1.0,0.05,1.0,0.5,1,14
sparse,Что происходит после заполнения карты ПФО при нажатии «Предварительный просмотр» и какие дальнейшие действия с документом доступны после подписания?,826,Работа кабинета ПФО,1,1.0,1.0,1.5240359999921793,1,826,Работа кабинета ПФО,23.362681606158112,10,23.362681606158112,23.361966552132294,0.0007150540258180627,1.0,1.0,1.0,1.0,1,1,1.0,0.3333333333333333,1.0,1.0,1,3,1.0,0.2,1.0,1.0,1,3,1.0,0.1,1.0,1.0,1,5,1.0,0.05,1.0,1.0,1,10
sparse,Как в синей версии МКАБ добавить участки прикрепления пациента?,164,WEB Регистратура: Работа с МКАБ в синей версии,1,1.0,1.0,0.853919999997288,1,164,Регистратура: Работа с МКАБ в синей версии,30.115302531516136,4,30.115302531516136,30.115302531516136,0.0,1.0,1.0,1.0,1.0,1,1,1.0,0.3333333333333333,1.0,1.0,1,1,1.0,0.2,1.0,1.0,1,1,1.0,0.1,1.0,1.0,1,2,1.0,0.05,1.0,1.0,1,4
sparse,Какие признаки обязательно выставить для формирования СЭМД талона №2 и при каких значениях поля «Категория льготы» становится доступен признак «Направлен к месту лечения»?,715,"Правильное оформление и отправка СЭМД: СЭМД (210)""Талон № 2 на получение специальных талонов (именных направлений) на проезд к месту лечения для получения медицинской помощи""",1,1.0,1.0,1.8433429999902273,1,715,"Правильное оформление и отправка СЭМД: СЭМД (210)""Талон № 2 на получение специальных талонов (именных направлений) на проезд к месту лечения для получения медицинской помощи""",39.68691135887202,11,39.68691135887202,31.384056181201217,8.3028551776708,1.0,1.0,1.0,1.0,1,1,1.0,0.3333333333333333,1.0,1.0,1,2,1.0,0.2,1.0,1.0,1,4,1.0,0.1,1.0,1.0,1,8,1.0,0.05,1.0,1.0,1,11
sparse,Какими способами можно оформить согласие пациента при госпитализации и как добавить согласие через раздел «Согласия»?,349,WEB Стационар: Приемный покой,1,1.0,1.0,1.2007280000005949,1,349,Стационар: Приемный покой,31.56096685677185,16,31.56096685677185,25.625994771567772,5.934972085204077,1.0,1.0,1.0,1.0,1,1,1.0,0.3333333333333333,1.0,1.0,1,3,1.0,0.2,1.0,1.0,1,4,1.0,0.1,1.0,1.0,1,9,1.0,0.05,1.0,1.0,1,16
sparse,Как начать редактирование персональных данных пациента и сколько основных подразделов доступно при редактировании?,160,WEB Регистратура: Работа с МКАБ в синей версии,1,1.0,1.0,1.0881260000132897,1,160,Регистратура: Работа с МКАБ в синей версии,26.514348535488942,15,26.514348535488942,26.514348535488942,0.0,1.0,1.0,1.0,1.0,1,1,1.0,0.3333333333333333,1.0,1.0,1,2,1.0,0.2,1.0,1.0,1,4,1.0,0.1,1.0,1.0,1,8,1.0,0.05,1.0,1.0,1,15
sparse,Кто и при каких условиях может заполнять раздел «Степени и факторы риска» в карте беременной и как связаны между собой анкеты шкалы Радзинского?,221,WEB Родовспоможение: Карта беременной,1,1.0,1.0,1.8570440000047483,1,221,Родовспоможение: Карта беременной,61.43091719752579,14,61.43091719752579,27.11447662704306,34.316440570482726,1.0,1.0,1.0,1.0,1,1,1.0,0.3333333333333333,1.0,1.0,1,3,1.0,0.2,1.0,1.0,1,5,1.0,0.1,1.0,1.0,1,7,1.0,0.05,1.0,1.0,1,14
sparse,При каком условии относительно ТАП доступно формирование СЭМД и как отправить в РЭМД эпикриз по законченному амбулаторному случаю?,782,"Правильное оформление и отправка СЭМД: СЭМД (92)""Эпикриз по законченному случаю амбулаторный""",1,1.0,1.0,1.5032350000012684,1,782,"Правильное оформление и отправка СЭМД: СЭМД (92)""Эпикриз по законченному случаю амбулаторный""",48.126662116234975,13,48.126662116234975,41.700696483042684,6.425965633192291,1.0,1.0,1.0,1.0,1,1,1.0,0.3333333333333333,1.0,1.0,1,2,1.0,0.2,1.0,1.0,1,4,1.0,0.1,1.0,1.0,1,8,1.0,0.05,1.0,1.0,1,13
sparse,"Как в блоке «Поступление» меняется перечень обязательных полей в зависимости от типа госпитализации (планово, экстренно, неотложно)?",345,WEB Стационар: Приемный покой,1,1.0,1.0,1.4781339999956344,1,345,Стационар: Приемный покой,51.59568125794298,16,51.59568125794298,42.90104909406396,8.694632163879021,1.0,1.0,1.0,1.0,1,1,1.0,0.3333333333333333,1.0,1.0,1,3,1.0,0.2,1.0,1.0,1,5,1.0,0.1,1.0,1.0,1,8,1.0,0.05,1.0,1.0,1,16
sparse,Из каких вкладок состоит окно «Листок нетрудоспособности» и для чего используется кнопка получения пула номеров из ФСС при оформлении первичного ЛН?,95,WEB Поликлиника: Лист нетрудоспособности,1,1.0,1.0,1.911445000004619,1,95,Поликлиника: Лист нетрудоспособности,77.58548696055942,10,77.58548696055942,48.31464107847829,29.270845882081133,1.0,1.0,1.0,1.0,1,1,1.0,0.3333333333333333,1.0,1.0,1,1,1.0,0.2,1.0,1.0,1,1,1.0,0.1,1.0,1.0,1,4,1.0,0.05,1.0,1.0,1,10
sparse,Где в системе находятся личные настройки пользователя и как добавить или сбросить настройку до значения по умолчанию для врача?,390,Администрирование МИС: Отчеты настройки и прочее,1,1.0,1.0,1.6870389999894542,1,390,Администрирование МИС: Отчеты настройки и прочее,52.46143120274478,13,52.46143120274478,27.506029709491717,24.95540149325306,1.0,1.0,1.0,1.0,1,1,1.0,0.3333333333333333,1.0,1.0,1,2,1.0,0.2,1.0,1.0,1,4,1.0,0.1,1.0,1.0,1,8,1.0,0.05,1.0,1.0,1,13
sparse,Какие сведения отображаются во вкладке листков нетрудоспособности в ТАП/МКСБ и как создать новый электронный листок нетрудоспособности?,100,WEB Поликлиника: Лист нетрудоспособности,5,0.2,0.2,1.4681349999960958,1,92,Поликлиника: Лист нетрудоспособности,36.03885861110727,9,28.350300639388454,36.03885861110727,-7.688557971718819,0.0,0.0,0.0,0.0,0,1,0.0,0.0,0.0,0.0,0,1,1.0,0.2,1.0,0.38685280723454163,1,1,1.0,0.1,1.0,0.38685280723454163,1,3,1.0,0.05,1.0,0.38685280723454163,1,9
sparse,Какие коды медицинских шаблонов АВ перечислены в инструкции и где в интерфейсе их искать?,368,WEB Стационар: Формы приказа 530н: Работа с шаблонами осмотров АВ,,0.0,0.0,1.235829000009403,1,367,Стационар: Формы приказа 530н: Работа с шаблонами осмотров АВ,23.53016097489745,15,,23.53016097489745,,0.0,0.0,0.0,0.0,0,1,0.0,0.0,0.0,0.0,0,3,0.0,0.0,0.0,0.0,0,4,0.0,0.0,0.0,0.0,0,8,0.0,0.0,0.0,0.0,0,15
sparse,"Что делать, если при сохранении МКСБ появляется сообщение об ошибке «Проверьте правильность заполнения формы»?",353,WEB Стационар: Приемный покой,1,1.0,1.0,1.3323310000004085,1,353,Стационар: Приемный покой,28.419783187531156,17,28.419783187531156,16.230826834940483,12.188956352590672,1.0,1.0,1.0,1.0,1,1,1.0,0.3333333333333333,1.0,1.0,1,3,1.0,0.2,1.0,1.0,1,5,1.0,0.1,1.0,1.0,1,10,1.0,0.05,1.0,1.0,1,17
hybrid,Какие данные в МКАБ пациента должны быть заполнены для успешного формирования СЭМД «Медицинское заключение по результатам предварительного (периодического) медицинского осмотра (обследования)»?,655,"Правильное оформление и отправка СЭМД: СЭМД (194)""Медицинское заключение по результатам предварительного (периодического) медицинского осмотра (обследования)""",2,0.5,0.5,862.9504379999986,1,661,"Правильное оформление и отправка СЭМД: СЭМД (194)""Медицинское заключение по результатам предварительного (периодического) медицинского осмотра (обследования)""",0.030883130618720254,3,0.030239596469104665,0.030883130618720254,-0.0006435341496155884,0.0,0.0,0.0,0.0,0,1,1.0,0.3333333333333333,1.0,0.6309297535714575,1,1,1.0,0.2,1.0,0.6309297535714575,1,2,1.0,0.1,1.0,0.6309297535714575,1,2,1.0,0.05,1.0,0.6309297535714575,1,3
hybrid,Что происходит при снятии флажка у блока «Слуховой паспорт» в шаблоне осмотра отоларинголога и как вводятся результаты исследований?,115,"WEB Поликлиника: Работа с шаблонами: Шаблон ""Осмотр отоларинголога (20)""",1,1.0,1.0,827.86221100001,1,115,"Поликлиника: Работа с шаблонами: Шаблон ""Осмотр отоларинголога (20)""",0.03114754098360656,14,0.03114754098360656,0.030645161290322583,0.0005023796932839761,1.0,1.0,1.0,1.0,1,1,1.0,0.3333333333333333,1.0,1.0,1,1,1.0,0.2,1.0,1.0,1,3,1.0,0.1,1.0,1.0,1,7,1.0,0.05,1.0,1.0,1,14
hybrid,Что открывается пользователю при работе с медицинскими записями после выбора соответствующего действия?,26,WEB Поликлиника: Врач поликлиники,,0.0,0.0,816.8063500000073,1,321,Стационар: Медсестра отделения,0.030141129032258067,10,,0.030141129032258067,,0.0,0.0,0.0,0.0,0,1,0.0,0.0,0.0,0.0,0,3,0.0,0.0,0.0,0.0,0,4,0.0,0.0,0.0,0.0,0,5,0.0,0.0,0.0,0.0,0,10
hybrid,"Что нужно сделать после заполнения формы с результатами медосмотра, чтобы СЭМД был подписан и отправлен в РЭМД?",760,"Правильное оформление и отправка СЭМД: СЭМД (63)""Медицинское заключение об отсутствии медицинских противопоказаний к владению оружием""",13,0.07692307692307693,0.07692307692307693,853.5269049999954,1,754,"Правильное оформление и отправка СЭМД: СЭМД (4)""Медицинская справка о допуске к управлению транспортными средствами""""",0.027741111347668726,8,0.014516129032258065,0.027741111347668726,-0.01322498231541066,0.0,0.0,0.0,0.0,0,1,0.0,0.0,0.0,0.0,0,2,0.0,0.0,0.0,0.0,0,4,0.0,0.0,0.0,0.0,0,4,1.0,0.05,1.0,0.26264953503719357,1,8
hybrid,Как оформить перевод пациента в реанимацию и как закрыть реанимационный период в МКСБ?,282,WEB Стационар: Врач стационара,3,0.3333333333333333,0.3333333333333333,804.7233590000076,1,364,Стационар: Формирование МКСБ для статистов,0.030645161290322583,12,0.030455942622950823,0.030645161290322583,-0.00018921866737175996,0.0,0.0,0.0,0.0,0,1,1.0,0.3333333333333333,1.0,0.5,1,3,1.0,0.2,1.0,0.5,1,3,1.0,0.1,1.0,0.5,1,6,1.0,0.05,1.0,0.5,1,12
hybrid,Как в модуле электронного родового сертификата перейти к отчётам и сформировать файл отчёта за период?,251,WEB Родовспоможение: Родовые сертификаты,1,1.0,1.0,809.3086069999913,1,251,Родовспоможение: Родовые сертификаты,0.030455942622950823,5,0.030455942622950823,0.02990561351217089,0.0005503291107799325,1.0,1.0,1.0,1.0,1,1,1.0,0.3333333333333333,1.0,1.0,1,1,1.0,0.2,1.0,1.0,1,1,1.0,0.1,1.0,1.0,1,1,1.0,0.05,1.0,1.0,1,5
hybrid,При каких условиях можно добавить сведения о посещении в ЭРС и какие ограничения действуют для полей «Срок беременности» и «Дата следующего посещения»?,229,WEB Родовспоможение: Родовые сертификаты,1,1.0,1.0,838.1858699999896,1,229,Родовспоможение: Родовые сертификаты,0.03114754098360656,7,0.03114754098360656,0.030645161290322583,0.0005023796932839761,1.0,1.0,1.0,1.0,1,1,1.0,0.3333333333333333,1.0,1.0,1,2,1.0,0.2,1.0,1.0,1,3,1.0,0.1,1.0,1.0,1,5,1.0,0.05,1.0,1.0,1,7
hybrid,Какие требования предъявляются к датам оказания услуги в ТАП и к порядку отражения первичного и повторного приёма?,143,WEB Поликлиника: Формирование ТАП для статистов,1,1.0,1.0,823.6036799999908,1,143,Поликлиника: Формирование ТАП для статистов,0.03114754098360656,8,0.03114754098360656,0.02947115384615385,0.0016763871374527103,1.0,1.0,1.0,1.0,1,1,1.0,0.3333333333333333,1.0,1.0,1,2,1.0,0.2,1.0,1.0,1,4,1.0,0.1,1.0,1.0,1,5,1.0,0.05,1.0,1.0,1,8
hybrid,"Как распечатать водительскую справку после того, как карта мероприятий подписана и стала недоступна для редактирования?",755,"Правильное оформление и отправка СЭМД: СЭМД (4)""Медицинская справка о допуске к управлению транспортными средствами""""",1,1.0,1.0,926.0727270000189,1,755,"Правильное оформление и отправка СЭМД: СЭМД (4)""Медицинская справка о допуске к управлению транспортными средствами""""",0.029436920883820387,13,0.029436920883820387,0.02792558944408393,0.0015113314397364568,1.0,1.0,1.0,1.0,1,1,1.0,0.3333333333333333,1.0,1.0,1,3,1.0,0.2,1.0,1.0,1,4,1.0,0.1,1.0,1.0,1,7,1.0,0.05,1.0,1.0,1,13
hybrid,Где просматривать статистику по открытым и закрытым талонам амбулаторного пациента и какие фильтры при этом доступны?,105,"WEB Поликлиника: Просмотр статистических данных по ""Случаям лечения""",1,1.0,1.0,827.2375770000053,1,105,"Поликлиника: Просмотр статистических данных по ""Случаям лечения""",0.03114754098360656,10,0.03114754098360656,0.030645161290322583,0.0005023796932839761,1.0,1.0,1.0,1.0,1,1,1.0,0.3333333333333333,1.0,1.0,1,3,1.0,0.2,1.0,1.0,1,5,1.0,0.1,1.0,1.0,1,7,1.0,0.05,1.0,1.0,1,10
hybrid,"Как открепить прикреплённый файл, в каких форматах доступна печать документа и как распечатать справку «Медицинское заключение»?",693,"Правильное оформление и отправка СЭМД: СЭМД (204)""Медицинское заключение""",4,0.25,0.25,829.062375999996,1,679,"Правильное оформление и отправка СЭМД: СЭМД (204)""Медицинское заключение""",0.03114754098360656,7,0.02993551587301587,0.03114754098360656,-0.001212025110590688,0.0,0.0,0.0,0.0,0,1,0.0,0.0,0.0,0.0,0,1,1.0,0.2,1.0,0.43067655807339306,1,1,1.0,0.1,1.0,0.43067655807339306,1,2,1.0,0.05,1.0,0.43067655807339306,1,7
hybrid,"Что такое карта мероприятий, как с ней работать и что оформляется на заключительном мероприятии у терапевта или врача общей практики?",759,"Правильное оформление и отправка СЭМД: СЭМД (63)""Медицинское заключение об отсутствии медицинских противопоказаний к владению оружием""",1,1.0,1.0,814.1468690000124,1,759,"Правильное оформление и отправка СЭМД: СЭМД (63)""Медицинское заключение об отсутствии медицинских противопоказаний к владению оружием""",0.02990561351217089,12,0.02990561351217089,0.029900744416873452,4.869095297437703e-06,1.0,1.0,1.0,1.0,1,1,1.0,0.3333333333333333,1.0,1.0,1,3,1.0,0.2,1.0,1.0,1,4,1.0,0.1,1.0,1.0,1,6,1.0,0.05,1.0,1.0,1,12
hybrid,"Как сформировать, подписать и отправить в РЭМД СЭМД «Медицинское заключение о допуске к выполнению работ на высоте» (редакция 1)?",559,"Правильное оформление и отправка СЭМД: СЭМД (101)""Медицинское заключение о допуске к выполнению работ на высоте верхолазных работ работ связанных с подъемом на высоту а также по обслуживанию подъемных сооружений""",1,1.0,1.0,839.3353470000022,1,559,"Правильное оформление и отправка СЭМД: СЭМД (101)""Медицинское заключение о допуске к выполнению работ на высоте верхолазных работ работ связанных с подъемом на высоту а также по обслуживанию подъемных сооружений""",0.03114754098360656,6,0.03114754098360656,0.030645161290322583,0.0005023796932839761,1.0,1.0,1.0,1.0,1,1,1.0,0.3333333333333333,1.0,1.0,1,1,1.0,0.2,1.0,1.0,1,2,1.0,0.1,1.0,1.0,1,3,1.0,0.05,1.0,1.0,1,6
hybrid,Какой структурированный электронный медицинский документ можно сформировать и отправить в отчётных формах по иммунопрофилактике в описанном блоке?,90,WEB Поликлиника: Иммунопрофилактика,1,1.0,1.0,927.969604999987,1,90,Поликлиника: Иммунопрофилактика,0.03114754098360656,9,0.03114754098360656,0.029020979020979023,0.0021265619626275357,1.0,1.0,1.0,1.0,1,1,1.0,0.3333333333333333,1.0,1.0,1,2,1.0,0.2,1.0,1.0,1,2,1.0,0.1,1.0,1.0,1,3,1.0,0.05,1.0,1.0,1,9
hybrid,Какие системные настройки в разделе администрирования должен проверить или установить администратор перед работой с рецептами?,605,"Правильное оформление и отправка СЭМД: СЭМД (148)""Рецепт на лекарственный препарат (CDA)""",3,0.3333333333333333,0.3333333333333333,887.9728039999861,1,412,Администрирование МИС: Настройки для отправки коммерческих и льготных рецептов,0.0304147465437788,10,0.028771526980482204,0.0304147465437788,-0.0016432195632965947,0.0,0.0,0.0,0.0,0,1,1.0,0.3333333333333333,1.0,0.5,1,3,1.0,0.2,1.0,0.5,1,3,1.0,0.1,1.0,0.5,1,4,1.0,0.05,1.0,0.5,1,10
hybrid,"Как оформить электронное свидетельство о рождении (галочки по пунктам СР), подтянуть данные из МКАБ и что делать со «старым» или ручным адресом при регистрации?",433,Демография: Свидетельство о рождении,1,1.0,1.0,855.4984339999976,1,433,Демография: Свидетельство о рождении,0.03114754098360656,7,0.03114754098360656,0.02817460317460317,0.002972937809003387,1.0,1.0,1.0,1.0,1,1,1.0,0.3333333333333333,1.0,1.0,1,1,1.0,0.2,1.0,1.0,1,2,1.0,0.1,1.0,1.0,1,5,1.0,0.05,1.0,1.0,1,7
hybrid,Куда попадает информация после записи пациента на приём и как вернуться в шаблон осмотра врача 2.0?,33,WEB Поликлиника: Врач поликлиники,3,0.3333333333333333,0.3333333333333333,803.2465269999989,1,32,Поликлиника: Врач поликлиники,0.029261363636363637,10,0.027443609022556388,0.029261363636363637,-0.0018177546138072494,0.0,0.0,0.0,0.0,0,1,1.0,0.3333333333333333,1.0,0.5,1,1,1.0,0.2,1.0,0.5,1,1,1.0,0.1,1.0,0.5,1,3,1.0,0.05,1.0,0.5,1,10
hybrid,Как в шаблоне №200 МЗ добавить в медицинскую запись результаты ранее проведённых исследований?,31,WEB Поликлиника: Врач поликлиники,2,0.5,0.5,810.1819270000021,1,375,Стационар: Формы приказа 530н: Работа с шаблонами осмотров АВ,0.030909571655208884,11,0.030883130618720254,0.030909571655208884,-2.6441036488630137e-05,0.0,0.0,0.0,0.0,0,1,1.0,0.3333333333333333,1.0,0.6309297535714575,1,2,1.0,0.2,1.0,0.6309297535714575,1,3,1.0,0.1,1.0,0.6309297535714575,1,4,1.0,0.05,1.0,0.6309297535714575,1,11
hybrid,Какая информация заполняется на вкладке «Дополнительная информация» листка нетрудоспособности в части освидетельствования в бюро МСЭ?,96,WEB Поликлиника: Лист нетрудоспособности,1,1.0,1.0,832.6002170000208,1,96,Поликлиника: Лист нетрудоспособности,0.03114754098360656,5,0.03114754098360656,0.030191532258064514,0.0009560087255420444,1.0,1.0,1.0,1.0,1,1,1.0,0.3333333333333333,1.0,1.0,1,2,1.0,0.2,1.0,1.0,1,2,1.0,0.1,1.0,1.0,1,2,1.0,0.05,1.0,1.0,1,5
hybrid,"Что необходимо сделать, чтобы открыть и сохранить карту беременной, и как затем распечатать нужную форму?",224,WEB Родовспоможение: Карта беременной,1,1.0,1.0,794.7237369999982,1,224,Родовспоможение: Карта беременной,0.03114754098360656,10,0.03114754098360656,0.029305851693911394,0.0018416892896951642,1.0,1.0,1.0,1.0,1,1,1.0,0.3333333333333333,1.0,1.0,1,2,1.0,0.2,1.0,1.0,1,3,1.0,0.1,1.0,1.0,1,4,1.0,0.05,1.0,1.0,1,10
hybrid,Что отображается при нажатии на область с именем пользователя в правом верхнем углу экрана модуля родовых сертификатов?,239,WEB Родовспоможение: Родовые сертификаты,1,1.0,1.0,819.8259810000081,1,239,Родовспоможение: Родовые сертификаты,0.03114754098360656,7,0.03114754098360656,0.030141129032258067,0.0010064119513484918,1.0,1.0,1.0,1.0,1,1,1.0,0.3333333333333333,1.0,1.0,1,1,1.0,0.2,1.0,1.0,1,1,1.0,0.1,1.0,1.0,1,2,1.0,0.05,1.0,1.0,1,7
hybrid,Как проставляется дата в отчёте ведомости №39 и что учитывается в графе 2 «всего» по посещениям?,518,Отчеты и работа с ними: №39 - Ведомость учета врачебных посещений в амбулаторно-поликлинических учреждениях на дому,1,1.0,1.0,827.317311999991,1,518,Отчеты и работа с ними: №39 - Ведомость учета врачебных посещений в амбулаторно-поликлинических учреждениях на дому,0.03114754098360656,3,0.03114754098360656,0.029261363636363637,0.0018861773472429212,1.0,1.0,1.0,1.0,1,1,1.0,0.3333333333333333,1.0,1.0,1,1,1.0,0.2,1.0,1.0,1,1,1.0,0.1,1.0,1.0,1,2,1.0,0.05,1.0,1.0,1,3
hybrid,Какие действия на нижней панели доступны после заполнения направления на санаторно-курортное лечение и чем отличаются «Сохранить» и «Подписать и отправить»?,617,"Правильное оформление и отправка СЭМД: СЭМД (151)""Справка для получения путевки на санаторно-курортное лечение""",6,0.16666666666666666,0.16666666666666666,830.0425309999753,1,614,"Правильное оформление и отправка СЭМД: СЭМД (151)""Справка для получения путевки на санаторно-курортное лечение""",0.030455942622950823,7,0.02808743169398907,0.030455942622950823,-0.002368510928961752,0.0,0.0,0.0,0.0,0,1,0.0,0.0,0.0,0.0,0,3,0.0,0.0,0.0,0.0,0,4,1.0,0.1,1.0,0.3562071871080222,1,4,1.0,0.05,1.0,0.3562071871080222,1,7
hybrid,Как перенести в текущую медицинскую запись данные из предыдущей записи того же или предыдущего случая лечения в шаблоне 2.0?,28,WEB Поликлиника: Врач поликлиники,1,1.0,1.0,838.2983040000056,1,28,Поликлиника: Врач поликлиники,0.03114754098360656,11,0.03114754098360656,0.03038914490527394,0.0007583960783326196,1.0,1.0,1.0,1.0,1,1,1.0,0.3333333333333333,1.0,1.0,1,2,1.0,0.2,1.0,1.0,1,3,1.0,0.1,1.0,1.0,1,5,1.0,0.05,1.0,1.0,1,11
hybrid,При каких условиях по основному диагнозу и статусу направления можно сформировать СЭМД «Протокол инструментального исследования» и как отправить его через «Печать/ЭМД»?,575,"Правильное оформление и отправка СЭМД: СЭМД (110)""Протокол инструментального исследования""",1,1.0,1.0,827.5204020000047,1,575,"Правильное оформление и отправка СЭМД: СЭМД (110)""Протокол инструментального исследования""",0.030883130618720254,9,0.030883130618720254,0.02993551587301587,0.0009476147457043831,1.0,1.0,1.0,1.0,1,1,1.0,0.3333333333333333,1.0,1.0,1,1,1.0,0.2,1.0,1.0,1,1,1.0,0.1,1.0,1.0,1,2,1.0,0.05,1.0,1.0,1,9
hybrid,"Как заполнить обязательные поля «Телефон» и «E-mail», если представитель отказывается сообщать номер или электронную почту?",204,WEB Регистратура: Создание и редактирование МКАБ,1,1.0,1.0,819.4191990000093,1,204,Регистратура: Создание и редактирование МКАБ,0.03114754098360656,16,0.03114754098360656,0.02754677754677755,0.0036007634368290103,1.0,1.0,1.0,1.0,1,1,1.0,0.3333333333333333,1.0,1.0,1,2,1.0,0.2,1.0,1.0,1,4,1.0,0.1,1.0,1.0,1,9,1.0,0.05,1.0,1.0,1,16
hybrid,Какие поля описываются на вкладке регистрации поступления тела в патолого-анатомическое отделение?,734,"Правильное оформление и отправка СЭМД: СЭМД (242)""Протокол патолого-анатомического вскрытия (CDA) Редакция 2""",1,1.0,1.0,806.4329139999984,1,734,"Правильное оформление и отправка СЭМД: СЭМД (242)""Протокол патолого-анатомического вскрытия (CDA) Редакция 2""",0.03114754098360656,11,0.03114754098360656,0.0304147465437788,0.0007327944398277594,1.0,1.0,1.0,1.0,1,1,1.0,0.3333333333333333,1.0,1.0,1,2,1.0,0.2,1.0,1.0,1,2,1.0,0.1,1.0,1.0,1,5,1.0,0.05,1.0,1.0,1,11
hybrid,Где можно ознакомиться с обязательными требованиями и порядком формирования СЭМД медицинского заключения по результатам медосмотра работника для подсистемы ЭЛМК?,666,"Правильное оформление и отправка СЭМД: СЭМД (194)""Медицинское заключение по результатам предварительного (периодического) медицинского осмотра (обследования)""",7,0.14285714285714285,0.14285714285714285,870.7696170000077,1,730,"Правильное оформление и отправка СЭМД: СЭМД (230)""Медицинское заключение по результатам медицинского осмотра работника для предоставления в подсистему ЭЛМК""",0.030679156908665108,4,0.02848214285714286,0.030679156908665108,-0.002197014051522249,0.0,0.0,0.0,0.0,0,1,0.0,0.0,0.0,0.0,0,1,0.0,0.0,0.0,0.0,0,1,1.0,0.1,1.0,0.3333333333333333,1,2,1.0,0.05,1.0,0.3333333333333333,1,4
hybrid,Какие условия по стадированию ЗНО и медицинским записям должны быть выполнены перед формированием и отправкой СЭМД «Протокол на случай выявления у больного запущенной формы ЗНО»?,719,"Правильное оформление и отправка СЭМД: СЭМД (211)""Протокол на случай выявления у больного запущенной формы ЗНО""",2,0.5,0.5,866.5412590000017,1,718,"Правильное оформление и отправка СЭМД: СЭМД (211)""Протокол на случай выявления у больного запущенной формы ЗНО""",0.03114754098360656,12,0.030645161290322583,0.03114754098360656,-0.0005023796932839761,0.0,0.0,0.0,0.0,0,1,1.0,0.3333333333333333,1.0,0.6309297535714575,1,2,1.0,0.2,1.0,0.6309297535714575,1,4,1.0,0.1,1.0,0.6309297535714575,1,8,1.0,0.05,1.0,0.6309297535714575,1,12
hybrid,Как из МКСБ или случая лечения перейти к решению врачебной комиссии и сформировать СЭМД «Выписка из протокола врачебной комиссии»?,430,Врачебная комиссия от направления до решения,1,1.0,1.0,822.4604119999981,1,430,Врачебная комиссия от направления до решения,0.030679156908665108,13,0.030679156908665108,0.030645161290322583,3.399561834252496e-05,1.0,1.0,1.0,1.0,1,1,1.0,0.3333333333333333,1.0,1.0,1,2,1.0,0.2,1.0,1.0,1,3,1.0,0.1,1.0,1.0,1,8,1.0,0.05,1.0,1.0,1,13
hybrid,"Какая роль нужна для оформления родового сертификата, как создать договор со СФР и с какой недели беременности выдаётся электронный родовой сертификат?",226,WEB Родовспоможение: Родовые сертификаты,1,1.0,1.0,829.983292999998,1,226,Родовспоможение: Родовые сертификаты,0.03114754098360656,2,0.03114754098360656,0.030191532258064514,0.0009560087255420444,1.0,1.0,1.0,1.0,1,1,1.0,0.3333333333333333,1.0,1.0,1,1,1.0,0.2,1.0,1.0,1,1,1.0,0.1,1.0,1.0,1,1,1.0,0.05,1.0,1.0,1,2
hybrid,Как через журнал направлений внести результаты исследования с помощью шаблона «Протокол инструментального исследования» и отправить его в региональное хранилище?,460,Лабораторно-диагностические исследования,1,1.0,1.0,804.1868790000137,1,460,Лабораторно-диагностические исследования,0.03114754098360656,7,0.03114754098360656,0.0304147465437788,0.0007327944398277594,1.0,1.0,1.0,1.0,1,1,1.0,0.3333333333333333,1.0,1.0,1,2,1.0,0.2,1.0,1.0,1,3,1.0,0.1,1.0,1.0,1,3,1.0,0.05,1.0,1.0,1,7
hybrid,Что требуется выполнить прежде чем начать работу с выпиской льготных и коммерческих рецептов?,604,"Правильное оформление и отправка СЭМД: СЭМД (148)""Рецепт на лекарственный препарат (CDA)""",1,1.0,1.0,840.3382380000153,1,604,"Правильное оформление и отправка СЭМД: СЭМД (148)""Рецепт на лекарственный препарат (CDA)""",0.03114754098360656,7,0.03114754098360656,0.030191532258064514,0.0009560087255420444,1.0,1.0,1.0,1.0,1,1,1.0,0.3333333333333333,1.0,1.0,1,2,1.0,0.2,1.0,1.0,1,2,1.0,0.1,1.0,1.0,1,2,1.0,0.05,1.0,1.0,1,7
hybrid,Как в стационаре создать направление на исследования и чем отличается сохранение черновика от подписания направления?,285,WEB Стационар: Врач стационара,2,0.5,0.5,821.3313400000004,1,324,Стационар: Направление на консультацию,0.030645161290322583,13,0.030455942622950823,0.030645161290322583,-0.00018921866737175996,0.0,0.0,0.0,0.0,0,1,1.0,0.3333333333333333,1.0,0.6309297535714575,1,3,1.0,0.2,1.0,0.6309297535714575,1,5,1.0,0.1,1.0,0.6309297535714575,1,8,1.0,0.05,1.0,0.6309297535714575,1,13
hybrid,Как формируются поля «Номер карты» и «Дата карты» при работе с картой профилактических осмотров (ПФО)?,829,Работа кабинета ПФО,1,1.0,1.0,814.8371359999942,1,829,Работа кабинета ПФО,0.030455942622950823,9,0.030455942622950823,0.030141129032258067,0.0003148135906927557,1.0,1.0,1.0,1.0,1,1,1.0,0.3333333333333333,1.0,1.0,1,1,1.0,0.2,1.0,1.0,1,2,1.0,0.1,1.0,1.0,1,4,1.0,0.05,1.0,1.0,1,9
hybrid,Как врачу в личном кабинете открыть карту медицинских обследований и при каком проценте выполнения комиссии терапевт может дать заключение по диспансеризации?,7,WEB Диспансеризация,1,1.0,1.0,824.9512539999841,1,7,Диспансеризация,0.030883130618720254,10,0.030883130618720254,0.030239596469104665,0.0006435341496155884,1.0,1.0,1.0,1.0,1,1,1.0,0.3333333333333333,1.0,1.0,1,2,1.0,0.2,1.0,1.0,1,2,1.0,0.1,1.0,1.0,1,4,1.0,0.05,1.0,1.0,1,10
hybrid,Как получить печатную форму медицинской справки о состоянии здоровья ребёнка для организации отдыха детей?,778,"Правильное оформление и отправка СЭМД: СЭМД (87)""Медицинская справка о состоянии здоровья ребенка отъезжающего в организацию отдыха детей и их оздоровления""""",2,0.5,0.5,804.1342989999976,1,777,"Правильное оформление и отправка СЭМД: СЭМД (87)""Медицинская справка о состоянии здоровья ребенка отъезжающего в организацию отдыха детей и их оздоровления""""",0.030883130618720254,10,0.030679156908665108,0.030883130618720254,-0.00020397371005514628,0.0,0.0,0.0,0.0,0,1,1.0,0.3333333333333333,1.0,0.6309297535714575,1,1,1.0,0.2,1.0,0.6309297535714575,1,1,1.0,0.1,1.0,0.6309297535714575,1,5,1.0,0.05,1.0,0.6309297535714575,1,10
hybrid,Что происходит после заполнения карты ПФО при нажатии «Предварительный просмотр» и какие дальнейшие действия с документом доступны после подписания?,826,Работа кабинета ПФО,1,1.0,1.0,831.8519709999919,1,826,Работа кабинета ПФО,0.03114754098360656,8,0.03114754098360656,0.029975186104218364,0.0011723548793881947,1.0,1.0,1.0,1.0,1,1,1.0,0.3333333333333333,1.0,1.0,1,1,1.0,0.2,1.0,1.0,1,1,1.0,0.1,1.0,1.0,1,2,1.0,0.05,1.0,1.0,1,8
hybrid,Как в синей версии МКАБ добавить участки прикрепления пациента?,164,WEB Регистратура: Работа с МКАБ в синей версии,2,0.5,0.5,841.7950840000117,1,177,Регистратура: Работа с МКАБ в синей версии,0.030909571655208884,2,0.030883130618720254,0.030909571655208884,-2.6441036488630137e-05,0.0,0.0,0.0,0.0,0,1,1.0,0.3333333333333333,1.0,0.6309297535714575,1,2,1.0,0.2,1.0,0.6309297535714575,1,2,1.0,0.1,1.0,0.6309297535714575,1,2,1.0,0.05,1.0,0.6309297535714575,1,2
hybrid,Какие признаки обязательно выставить для формирования СЭМД талона №2 и при каких значениях поля «Категория льготы» становится доступен признак «Направлен к месту лечения»?,715,"Правильное оформление и отправка СЭМД: СЭМД (210)""Талон № 2 на получение специальных талонов (именных направлений) на проезд к месту лечения для получения медицинской помощи""",1,1.0,1.0,861.6948100000172,1,715,"Правильное оформление и отправка СЭМД: СЭМД (210)""Талон № 2 на получение специальных талонов (именных направлений) на проезд к месту лечения для получения медицинской помощи""",0.03114754098360656,9,0.03114754098360656,0.029910714285714284,0.0012368266978922751,1.0,1.0,1.0,1.0,1,1,1.0,0.3333333333333333,1.0,1.0,1,2,1.0,0.2,1.0,1.0,1,2,1.0,0.1,1.0,1.0,1,6,1.0,0.05,1.0,1.0,1,9
hybrid,Какими способами можно оформить согласие пациента при госпитализации и как добавить согласие через раздел «Согласия»?,349,WEB Стационар: Приемный покой,1,1.0,1.0,811.9744459999936,1,349,Стационар: Приемный покой,0.03114754098360656,13,0.03114754098360656,0.02947115384615385,0.0016763871374527103,1.0,1.0,1.0,1.0,1,1,1.0,0.3333333333333333,1.0,1.0,1,3,1.0,0.2,1.0,1.0,1,5,1.0,0.1,1.0,1.0,1,8,1.0,0.05,1.0,1.0,1,13
hybrid,Как начать редактирование персональных данных пациента и сколько основных подразделов доступно при редактировании?,160,WEB Регистратура: Работа с МКАБ в синей версии,1,1.0,1.0,806.8895060000045,1,160,Регистратура: Работа с МКАБ в синей версии,0.03114754098360656,13,0.03114754098360656,0.030645161290322583,0.0005023796932839761,1.0,1.0,1.0,1.0,1,1,1.0,0.3333333333333333,1.0,1.0,1,2,1.0,0.2,1.0,1.0,1,3,1.0,0.1,1.0,1.0,1,7,1.0,0.05,1.0,1.0,1,13
hybrid,Кто и при каких условиях может заполнять раздел «Степени и факторы риска» в карте беременной и как связаны между собой анкеты шкалы Радзинского?,221,WEB Родовспоможение: Карта беременной,1,1.0,1.0,826.759237999994,1,221,Родовспоможение: Карта беременной,0.03114754098360656,9,0.03114754098360656,0.028060671722643555,0.0030868692609630037,1.0,1.0,1.0,1.0,1,1,1.0,0.3333333333333333,1.0,1.0,1,2,1.0,0.2,1.0,1.0,1,2,1.0,0.1,1.0,1.0,1,4,1.0,0.05,1.0,1.0,1,9
hybrid,При каком условии относительно ТАП доступно формирование СЭМД и как отправить в РЭМД эпикриз по законченному амбулаторному случаю?,782,"Правильное оформление и отправка СЭМД: СЭМД (92)""Эпикриз по законченному случаю амбулаторный""",2,0.5,0.5,844.0994480000086,1,781,"Правильное оформление и отправка СЭМД: СЭМД (92)""Эпикриз по законченному случаю амбулаторный""",0.030909571655208884,14,0.030883130618720254,0.030909571655208884,-2.6441036488630137e-05,0.0,0.0,0.0,0.0,0,1,1.0,0.3333333333333333,1.0,0.6309297535714575,1,2,1.0,0.2,1.0,0.6309297535714575,1,4,1.0,0.1,1.0,0.6309297535714575,1,7,1.0,0.05,1.0,0.6309297535714575,1,14
hybrid,"Как в блоке «Поступление» меняется перечень обязательных полей в зависимости от типа госпитализации (планово, экстренно, неотложно)?",345,WEB Стационар: Приемный покой,1,1.0,1.0,837.423943999994,1,345,Стационар: Приемный покой,0.03114754098360656,9,0.03114754098360656,0.030645161290322583,0.0005023796932839761,1.0,1.0,1.0,1.0,1,1,1.0,0.3333333333333333,1.0,1.0,1,3,1.0,0.2,1.0,1.0,1,5,1.0,0.1,1.0,1.0,1,8,1.0,0.05,1.0,1.0,1,9
hybrid,Из каких вкладок состоит окно «Листок нетрудоспособности» и для чего используется кнопка получения пула номеров из ФСС при оформлении первичного ЛН?,95,WEB Поликлиника: Лист нетрудоспособности,1,1.0,1.0,831.9882330000041,1,95,Поликлиника: Лист нетрудоспособности,0.03114754098360656,10,0.03114754098360656,0.030645161290322583,0.0005023796932839761,1.0,1.0,1.0,1.0,1,1,1.0,0.3333333333333333,1.0,1.0,1,1,1.0,0.2,1.0,1.0,1,1,1.0,0.1,1.0,1.0,1,2,1.0,0.05,1.0,1.0,1,10
hybrid,Где в системе находятся личные настройки пользователя и как добавить или сбросить настройку до значения по умолчанию для врача?,390,Администрирование МИС: Отчеты настройки и прочее,1,1.0,1.0,806.7129249999994,1,390,Администрирование МИС: Отчеты настройки и прочее,0.03114754098360656,13,0.03114754098360656,0.0304147465437788,0.0007327944398277594,1.0,1.0,1.0,1.0,1,1,1.0,0.3333333333333333,1.0,1.0,1,2,1.0,0.2,1.0,1.0,1,4,1.0,0.1,1.0,1.0,1,5,1.0,0.05,1.0,1.0,1,13
hybrid,Какие сведения отображаются во вкладке листков нетрудоспособности в ТАП/МКСБ и как создать новый электронный листок нетрудоспособности?,100,WEB Поликлиника: Лист нетрудоспособности,2,0.5,0.5,821.4695390000202,1,93,Поликлиника: Лист нетрудоспособности,0.030645161290322583,7,0.030239596469104665,0.030645161290322583,-0.0004055648212179172,0.0,0.0,0.0,0.0,0,1,1.0,0.3333333333333333,1.0,0.6309297535714575,1,1,1.0,0.2,1.0,0.6309297535714575,1,1,1.0,0.1,1.0,0.6309297535714575,1,2,1.0,0.05,1.0,0.6309297535714575,1,7
hybrid,Какие коды медицинских шаблонов АВ перечислены в инструкции и где в интерфейсе их искать?,368,WEB Стационар: Формы приказа 530н: Работа с шаблонами осмотров АВ,6,0.16666666666666666,0.16666666666666666,855.5366120000087,1,367,Стационар: Формы приказа 530н: Работа с шаблонами осмотров АВ,0.030138713745271124,11,0.01639344262295082,0.030138713745271124,-0.013745271122320303,0.0,0.0,0.0,0.0,0,1,0.0,0.0,0.0,0.0,0,1,0.0,0.0,0.0,0.0,0,1,1.0,0.1,1.0,0.3562071871080222,1,2,1.0,0.05,1.0,0.3562071871080222,1,11
hybrid,"Что делать, если при сохранении МКСБ появляется сообщение об ошибке «Проверьте правильность заполнения формы»?",353,WEB Стационар: Приемный покой,1,1.0,1.0,832.4708730000054,1,353,Стационар: Приемный покой,0.03114754098360656,9,0.03114754098360656,0.024674446135633347,0.006473094847973211,1.0,1.0,1.0,1.0,1,1,1.0,0.3333333333333333,1.0,1.0,1,2,1.0,0.2,1.0,1.0,1,3,1.0,0.1,1.0,1.0,1,3,1.0,0.05,1.0,1.0,1,9
full,Какие данные в МКАБ пациента должны быть заполнены для успешного формирования СЭМД «Медицинское заключение по результатам предварительного (периодического) медицинского осмотра (обследования)»?,655,"Правильное оформление и отправка СЭМД: СЭМД (194)""Медицинское заключение по результатам предварительного (периодического) медицинского осмотра (обследования)""",1,1.0,1.0,15317.763259999992,1,655,"Правильное оформление и отправка СЭМД: СЭМД (194)""Медицинское заключение по результатам предварительного (периодического) медицинского осмотра (обследования)""",100.0,3,100.0,98.0,2.0,1.0,1.0,1.0,1.0,1,1,1.0,0.3333333333333333,1.0,1.0,1,2,1.0,0.2,1.0,1.0,1,2,1.0,0.1,1.0,1.0,1,3,1.0,0.05,1.0,1.0,1,3
full,Что происходит при снятии флажка у блока «Слуховой паспорт» в шаблоне осмотра отоларинголога и как вводятся результаты исследований?,115,"WEB Поликлиника: Работа с шаблонами: Шаблон ""Осмотр отоларинголога (20)""",1,1.0,1.0,12030.624407000005,1,115,"Поликлиника: Работа с шаблонами: Шаблон ""Осмотр отоларинголога (20)""",95.0,11,95.0,80.0,15.0,1.0,1.0,1.0,1.0,1,1,1.0,0.3333333333333333,1.0,1.0,1,2,1.0,0.2,1.0,1.0,1,2,1.0,0.1,1.0,1.0,1,5,1.0,0.05,1.0,1.0,1,11
full,Что открывается пользователю при работе с медицинскими записями после выбора соответствующего действия?,26,WEB Поликлиника: Врач поликлиники,,0.0,0.0,12153.850159000001,1,321,Стационар: Медсестра отделения,95.0,10,,95.0,,0.0,0.0,0.0,0.0,0,1,0.0,0.0,0.0,0.0,0,3,0.0,0.0,0.0,0.0,0,4,0.0,0.0,0.0,0.0,0,6,0.0,0.0,0.0,0.0,0,10
full,"Что нужно сделать после заполнения формы с результатами медосмотра, чтобы СЭМД был подписан и отправлен в РЭМД?",760,"Правильное оформление и отправка СЭМД: СЭМД (63)""Медицинское заключение об отсутствии медицинских противопоказаний к владению оружием""",,0.0,0.0,15380.850956999979,1,694,"Правильное оформление и отправка СЭМД: СЭМД (204)""Медицинское заключение""",100.0,5,,100.0,,0.0,0.0,0.0,0.0,0,1,0.0,0.0,0.0,0.0,0,1,0.0,0.0,0.0,0.0,0,2,0.0,0.0,0.0,0.0,0,2,0.0,0.0,0.0,0.0,0,5
full,Как оформить перевод пациента в реанимацию и как закрыть реанимационный период в МКСБ?,282,WEB Стационар: Врач стационара,1,1.0,1.0,12325.674819,1,282,Стационар: Врач стационара,100.0,12,100.0,0.07996794758972023,99.92003205241028,1.0,1.0,1.0,1.0,1,1,1.0,0.3333333333333333,1.0,1.0,1,3,1.0,0.2,1.0,1.0,1,3,1.0,0.1,1.0,1.0,1,6,1.0,0.05,1.0,1.0,1,12
full,Как в модуле электронного родового сертификата перейти к отчётам и сформировать файл отчёта за период?,251,WEB Родовспоможение: Родовые сертификаты,1,1.0,1.0,12142.707934000015,1,251,Родовспоможение: Родовые сертификаты,98.0,6,98.0,70.0,28.0,1.0,1.0,1.0,1.0,1,1,1.0,0.3333333333333333,1.0,1.0,1,3,1.0,0.2,1.0,1.0,1,3,1.0,0.1,1.0,1.0,1,3,1.0,0.05,1.0,1.0,1,6
full,При каких условиях можно добавить сведения о посещении в ЭРС и какие ограничения действуют для полей «Срок беременности» и «Дата следующего посещения»?,229,WEB Родовспоможение: Родовые сертификаты,1,1.0,1.0,12387.519363999985,1,229,Родовспоможение: Родовые сертификаты,100.0,7,100.0,95.0,5.0,1.0,1.0,1.0,1.0,1,1,1.0,0.3333333333333333,1.0,1.0,1,1,1.0,0.2,1.0,1.0,1,2,1.0,0.1,1.0,1.0,1,4,1.0,0.05,1.0,1.0,1,7
full,Какие требования предъявляются к датам оказания услуги в ТАП и к порядку отражения первичного и повторного приёма?,143,WEB Поликлиника: Формирование ТАП для статистов,1,1.0,1.0,12352.720244000011,1,143,Поликлиника: Формирование ТАП для статистов,95.0,8,95.0,85.0,10.0,1.0,1.0,1.0,1.0,1,1,1.0,0.3333333333333333,1.0,1.0,1,2,1.0,0.2,1.0,1.0,1,4,1.0,0.1,1.0,1.0,1,4,1.0,0.05,1.0,1.0,1,8
full,"Как распечатать водительскую справку после того, как карта мероприятий подписана и стала недоступна для редактирования?",755,"Правильное оформление и отправка СЭМД: СЭМД (4)""Медицинская справка о допуске к управлению транспортными средствами""""",1,1.0,1.0,11986.222994999991,1,755,"Правильное оформление и отправка СЭМД: СЭМД (4)""Медицинская справка о допуске к управлению транспортными средствами""""",95.0,12,95.0,90.0,5.0,1.0,1.0,1.0,1.0,1,1,1.0,0.3333333333333333,1.0,1.0,1,3,1.0,0.2,1.0,1.0,1,5,1.0,0.1,1.0,1.0,1,6,1.0,0.05,1.0,1.0,1,12
full,Где просматривать статистику по открытым и закрытым талонам амбулаторного пациента и какие фильтры при этом доступны?,105,"WEB Поликлиника: Просмотр статистических данных по ""Случаям лечения""",1,1.0,1.0,11441.864774999998,1,105,"Поликлиника: Просмотр статистических данных по ""Случаям лечения""",98.0,9,98.0,92.0,6.0,1.0,1.0,1.0,1.0,1,1,1.0,0.3333333333333333,1.0,1.0,1,3,1.0,0.2,1.0,1.0,1,5,1.0,0.1,1.0,1.0,1,8,1.0,0.05,1.0,1.0,1,9
full,"Как открепить прикреплённый файл, в каких форматах доступна печать документа и как распечатать справку «Медицинское заключение»?",693,"Правильное оформление и отправка СЭМД: СЭМД (204)""Медицинское заключение""",2,0.5,0.5,13286.492952000004,1,686,"Правильное оформление и отправка СЭМД: СЭМД (204)""Медицинское заключение""",95.0,4,95.0,95.0,0.0,0.0,0.0,0.0,0.0,0,1,1.0,0.3333333333333333,1.0,0.6309297535714575,1,1,1.0,0.2,1.0,0.6309297535714575,1,1,1.0,0.1,1.0,0.6309297535714575,1,1,1.0,0.05,1.0,0.6309297535714575,1,4
full,"Что такое карта мероприятий, как с ней работать и что оформляется на заключительном мероприятии у терапевта или врача общей практики?",759,"Правильное оформление и отправка СЭМД: СЭМД (63)""Медицинское заключение об отсутствии медицинских противопоказаний к владению оружием""",1,1.0,1.0,15131.390269999996,1,759,"Правильное оформление и отправка СЭМД: СЭМД (63)""Медицинское заключение об отсутствии медицинских противопоказаний к владению оружием""",95.0,9,95.0,92.0,3.0,1.0,1.0,1.0,1.0,1,1,1.0,0.3333333333333333,1.0,1.0,1,3,1.0,0.2,1.0,1.0,1,5,1.0,0.1,1.0,1.0,1,6,1.0,0.05,1.0,1.0,1,9
full,"Как сформировать, подписать и отправить в РЭМД СЭМД «Медицинское заключение о допуске к выполнению работ на высоте» (редакция 1)?",559,"Правильное оформление и отправка СЭМД: СЭМД (101)""Медицинское заключение о допуске к выполнению работ на высоте верхолазных работ работ связанных с подъемом на высоту а также по обслуживанию подъемных сооружений""",1,1.0,1.0,14497.820198,1,559,"Правильное оформление и отправка СЭМД: СЭМД (101)""Медицинское заключение о допуске к выполнению работ на высоте верхолазных работ работ связанных с подъемом на высоту а также по обслуживанию подъемных сооружений""",100.0,7,100.0,95.0,5.0,1.0,1.0,1.0,1.0,1,1,1.0,0.3333333333333333,1.0,1.0,1,2,1.0,0.2,1.0,1.0,1,2,1.0,0.1,1.0,1.0,1,3,1.0,0.05,1.0,1.0,1,7
full,Какой структурированный электронный медицинский документ можно сформировать и отправить в отчётных формах по иммунопрофилактике в описанном блоке?,90,WEB Поликлиника: Иммунопрофилактика,1,1.0,1.0,12499.002626999982,1,90,Поликлиника: Иммунопрофилактика,100.0,8,100.0,95.0,5.0,1.0,1.0,1.0,1.0,1,1,1.0,0.3333333333333333,1.0,1.0,1,2,1.0,0.2,1.0,1.0,1,2,1.0,0.1,1.0,1.0,1,5,1.0,0.05,1.0,1.0,1,8
full,Какие системные настройки в разделе администрирования должен проверить или установить администратор перед работой с рецептами?,605,"Правильное оформление и отправка СЭМД: СЭМД (148)""Рецепт на лекарственный препарат (CDA)""",1,1.0,1.0,18864.044408999973,1,605,"Правильное оформление и отправка СЭМД: СЭМД (148)""Рецепт на лекарственный препарат (CDA)""",98.0,12,98.0,95.0,3.0,1.0,1.0,1.0,1.0,1,1,1.0,0.3333333333333333,1.0,1.0,1,3,1.0,0.2,1.0,1.0,1,3,1.0,0.1,1.0,1.0,1,5,1.0,0.05,1.0,1.0,1,12
full,"Как оформить электронное свидетельство о рождении (галочки по пунктам СР), подтянуть данные из МКАБ и что делать со «старым» или ручным адресом при регистрации?",433,Демография: Свидетельство о рождении,1,1.0,1.0,21939.597734000017,1,433,Демография: Свидетельство о рождении,95.0,8,95.0,85.0,10.0,1.0,1.0,1.0,1.0,1,1,1.0,0.3333333333333333,1.0,1.0,1,3,1.0,0.2,1.0,1.0,1,3,1.0,0.1,1.0,1.0,1,5,1.0,0.05,1.0,1.0,1,8
full,Куда попадает информация после записи пациента на приём и как вернуться в шаблон осмотра врача 2.0?,33,WEB Поликлиника: Врач поликлиники,1,1.0,1.0,15599.679981000008,1,33,Поликлиника: Врач поликлиники,95.0,10,95.0,70.0,25.0,1.0,1.0,1.0,1.0,1,1,1.0,0.3333333333333333,1.0,1.0,1,1,1.0,0.2,1.0,1.0,1,2,1.0,0.1,1.0,1.0,1,4,1.0,0.05,1.0,1.0,1,10
full,Как в шаблоне №200 МЗ добавить в медицинскую запись результаты ранее проведённых исследований?,31,WEB Поликлиника: Врач поликлиники,1,1.0,1.0,13564.875890000054,1,31,Поликлиника: Врач поликлиники,95.0,8,95.0,85.0,10.0,1.0,1.0,1.0,1.0,1,1,1.0,0.3333333333333333,1.0,1.0,1,3,1.0,0.2,1.0,1.0,1,5,1.0,0.1,1.0,1.0,1,6,1.0,0.05,1.0,1.0,1,8
full,Какая информация заполняется на вкладке «Дополнительная информация» листка нетрудоспособности в части освидетельствования в бюро МСЭ?,96,WEB Поликлиника: Лист нетрудоспособности,1,1.0,1.0,12821.436986000037,1,96,Поликлиника: Лист нетрудоспособности,100.0,5,100.0,85.0,15.0,1.0,1.0,1.0,1.0,1,1,1.0,0.3333333333333333,1.0,1.0,1,2,1.0,0.2,1.0,1.0,1,2,1.0,0.1,1.0,1.0,1,2,1.0,0.05,1.0,1.0,1,5
full,"Что необходимо сделать, чтобы открыть и сохранить карту беременной, и как затем распечатать нужную форму?",224,WEB Родовспоможение: Карта беременной,1,1.0,1.0,11094.833056000027,1,224,Родовспоможение: Карта беременной,95.0,10,95.0,80.0,15.0,1.0,1.0,1.0,1.0,1,1,1.0,0.3333333333333333,1.0,1.0,1,3,1.0,0.2,1.0,1.0,1,4,1.0,0.1,1.0,1.0,1,5,1.0,0.05,1.0,1.0,1,10
full,Что отображается при нажатии на область с именем пользователя в правом верхнем углу экрана модуля родовых сертификатов?,239,WEB Родовспоможение: Родовые сертификаты,1,1.0,1.0,10936.982446999991,1,239,Родовспоможение: Родовые сертификаты,100.0,1,100.0,0.06973050101293439,99.93026949898706,1.0,1.0,1.0,1.0,1,1,1.0,0.3333333333333333,1.0,1.0,1,1,1.0,0.2,1.0,1.0,1,1,1.0,0.1,1.0,1.0,1,1,1.0,0.05,1.0,1.0,1,1
full,Как проставляется дата в отчёте ведомости №39 и что учитывается в графе 2 «всего» по посещениям?,518,Отчеты и работа с ними: №39 - Ведомость учета врачебных посещений в амбулаторно-поликлинических учреждениях на дому,1,1.0,1.0,11623.982764999993,1,518,Отчеты и работа с ними: №39 - Ведомость учета врачебных посещений в амбулаторно-поликлинических учреждениях на дому,95.0,3,95.0,85.0,10.0,1.0,1.0,1.0,1.0,1,1,1.0,0.3333333333333333,1.0,1.0,1,1,1.0,0.2,1.0,1.0,1,1,1.0,0.1,1.0,1.0,1,2,1.0,0.05,1.0,1.0,1,3
full,Какие действия на нижней панели доступны после заполнения направления на санаторно-курортное лечение и чем отличаются «Сохранить» и «Подписать и отправить»?,617,"Правильное оформление и отправка СЭМД: СЭМД (151)""Справка для получения путевки на санаторно-курортное лечение""",1,1.0,1.0,12740.361537000012,1,617,"Правильное оформление и отправка СЭМД: СЭМД (151)""Справка для получения путевки на санаторно-курортное лечение""",95.0,7,95.0,90.0,5.0,1.0,1.0,1.0,1.0,1,1,1.0,0.3333333333333333,1.0,1.0,1,3,1.0,0.2,1.0,1.0,1,4,1.0,0.1,1.0,1.0,1,5,1.0,0.05,1.0,1.0,1,7
full,Как перенести в текущую медицинскую запись данные из предыдущей записи того же или предыдущего случая лечения в шаблоне 2.0?,28,WEB Поликлиника: Врач поликлиники,1,1.0,1.0,13340.593377999994,1,28,Поликлиника: Врач поликлиники,95.0,12,95.0,90.0,5.0,1.0,1.0,1.0,1.0,1,1,1.0,0.3333333333333333,1.0,1.0,1,3,1.0,0.2,1.0,1.0,1,3,1.0,0.1,1.0,1.0,1,6,1.0,0.05,1.0,1.0,1,12
full,При каких условиях по основному диагнозу и статусу направления можно сформировать СЭМД «Протокол инструментального исследования» и как отправить его через «Печать/ЭМД»?,575,"Правильное оформление и отправка СЭМД: СЭМД (110)""Протокол инструментального исследования""",1,1.0,1.0,12668.987103999996,1,575,"Правильное оформление и отправка СЭМД: СЭМД (110)""Протокол инструментального исследования""",100.0,7,100.0,95.0,5.0,1.0,1.0,1.0,1.0,1,1,1.0,0.3333333333333333,1.0,1.0,1,1,1.0,0.2,1.0,1.0,1,1,1.0,0.1,1.0,1.0,1,3,1.0,0.05,1.0,1.0,1,7
full,"Как заполнить обязательные поля «Телефон» и «E-mail», если представитель отказывается сообщать номер или электронную почту?",204,WEB Регистратура: Создание и редактирование МКАБ,1,1.0,1.0,10517.723707999949,1,204,Регистратура: Создание и редактирование МКАБ,100.0,13,100.0,0.06479669559351235,99.93520330440649,1.0,1.0,1.0,1.0,1,1,1.0,0.3333333333333333,1.0,1.0,1,3,1.0,0.2,1.0,1.0,1,4,1.0,0.1,1.0,1.0,1,6,1.0,0.05,1.0,1.0,1,13
full,Какие поля описываются на вкладке регистрации поступления тела в патолого-анатомическое отделение?,734,"Правильное оформление и отправка СЭМД: СЭМД (242)""Протокол патолого-анатомического вскрытия (CDA) Редакция 2""",1,1.0,1.0,12584.003839000048,1,734,"Правильное оформление и отправка СЭМД: СЭМД (242)""Протокол патолого-анатомического вскрытия (CDA) Редакция 2""",95.0,11,95.0,80.0,15.0,1.0,1.0,1.0,1.0,1,1,1.0,0.3333333333333333,1.0,1.0,1,2,1.0,0.2,1.0,1.0,1,3,1.0,0.1,1.0,1.0,1,4,1.0,0.05,1.0,1.0,1,11
full,Где можно ознакомиться с обязательными требованиями и порядком формирования СЭМД медицинского заключения по результатам медосмотра работника для подсистемы ЭЛМК?,666,"Правильное оформление и отправка СЭМД: СЭМД (194)""Медицинское заключение по результатам предварительного (периодического) медицинского осмотра (обследования)""",1,1.0,1.0,14393.633947000013,1,666,"Правильное оформление и отправка СЭМД: СЭМД (194)""Медицинское заключение по результатам предварительного (периодического) медицинского осмотра (обследования)""",95.0,4,95.0,92.0,3.0,1.0,1.0,1.0,1.0,1,1,1.0,0.3333333333333333,1.0,1.0,1,2,1.0,0.2,1.0,1.0,1,2,1.0,0.1,1.0,1.0,1,2,1.0,0.05,1.0,1.0,1,4
full,Какие условия по стадированию ЗНО и медицинским записям должны быть выполнены перед формированием и отправкой СЭМД «Протокол на случай выявления у больного запущенной формы ЗНО»?,719,"Правильное оформление и отправка СЭМД: СЭМД (211)""Протокол на случай выявления у больного запущенной формы ЗНО""",1,1.0,1.0,14559.841684999923,1,719,"Правильное оформление и отправка СЭМД: СЭМД (211)""Протокол на случай выявления у больного запущенной формы ЗНО""",100.0,11,100.0,95.0,5.0,1.0,1.0,1.0,1.0,1,1,1.0,0.3333333333333333,1.0,1.0,1,2,1.0,0.2,1.0,1.0,1,4,1.0,0.1,1.0,1.0,1,7,1.0,0.05,1.0,1.0,1,11
full,Как из МКСБ или случая лечения перейти к решению врачебной комиссии и сформировать СЭМД «Выписка из протокола врачебной комиссии»?,430,Врачебная комиссия от направления до решения,1,1.0,1.0,13551.487226000063,1,430,Врачебная комиссия от направления до решения,95.0,13,95.0,92.0,3.0,1.0,1.0,1.0,1.0,1,1,1.0,0.3333333333333333,1.0,1.0,1,3,1.0,0.2,1.0,1.0,1,4,1.0,0.1,1.0,1.0,1,6,1.0,0.05,1.0,1.0,1,13
full,"Какая роль нужна для оформления родового сертификата, как создать договор со СФР и с какой недели беременности выдаётся электронный родовой сертификат?",226,WEB Родовспоможение: Родовые сертификаты,1,1.0,1.0,22409.602156000004,1,226,Родовспоможение: Родовые сертификаты,95.0,1,95.0,80.0,15.0,1.0,1.0,1.0,1.0,1,1,1.0,0.3333333333333333,1.0,1.0,1,1,1.0,0.2,1.0,1.0,1,1,1.0,0.1,1.0,1.0,1,1,1.0,0.05,1.0,1.0,1,1
full,Как через журнал направлений внести результаты исследования с помощью шаблона «Протокол инструментального исследования» и отправить его в региональное хранилище?,460,Лабораторно-диагностические исследования,1,1.0,1.0,13517.178649000016,1,460,Лабораторно-диагностические исследования,95.0,8,95.0,92.0,3.0,1.0,1.0,1.0,1.0,1,1,1.0,0.3333333333333333,1.0,1.0,1,2,1.0,0.2,1.0,1.0,1,3,1.0,0.1,1.0,1.0,1,3,1.0,0.05,1.0,1.0,1,8
full,Что требуется выполнить прежде чем начать работу с выпиской льготных и коммерческих рецептов?,604,"Правильное оформление и отправка СЭМД: СЭМД (148)""Рецепт на лекарственный препарат (CDA)""",1,1.0,1.0,12261.091838000084,1,604,"Правильное оформление и отправка СЭМД: СЭМД (148)""Рецепт на лекарственный препарат (CDA)""",95.0,7,95.0,85.0,10.0,1.0,1.0,1.0,1.0,1,1,1.0,0.3333333333333333,1.0,1.0,1,2,1.0,0.2,1.0,1.0,1,2,1.0,0.1,1.0,1.0,1,3,1.0,0.05,1.0,1.0,1,7
full,Как в стационаре создать направление на исследования и чем отличается сохранение черновика от подписания направления?,285,WEB Стационар: Врач стационара,1,1.0,1.0,12806.204739999997,1,285,Стационар: Врач стационара,95.0,9,95.0,90.0,5.0,1.0,1.0,1.0,1.0,1,1,1.0,0.3333333333333333,1.0,1.0,1,3,1.0,0.2,1.0,1.0,1,5,1.0,0.1,1.0,1.0,1,7,1.0,0.05,1.0,1.0,1,9
full,Как формируются поля «Номер карты» и «Дата карты» при работе с картой профилактических осмотров (ПФО)?,829,Работа кабинета ПФО,1,1.0,1.0,11046.393249000062,1,829,Работа кабинета ПФО,100.0,10,100.0,95.0,5.0,1.0,1.0,1.0,1.0,1,1,1.0,0.3333333333333333,1.0,1.0,1,2,1.0,0.2,1.0,1.0,1,3,1.0,0.1,1.0,1.0,1,4,1.0,0.05,1.0,1.0,1,10
full,Как врачу в личном кабинете открыть карту медицинских обследований и при каком проценте выполнения комиссии терапевт может дать заключение по диспансеризации?,7,WEB Диспансеризация,1,1.0,1.0,11992.498528999931,1,7,Диспансеризация,100.0,11,100.0,100.0,0.0,1.0,1.0,1.0,1.0,1,1,1.0,0.3333333333333333,1.0,1.0,1,2,1.0,0.2,1.0,1.0,1,2,1.0,0.1,1.0,1.0,1,5,1.0,0.05,1.0,1.0,1,11
full,Как получить печатную форму медицинской справки о состоянии здоровья ребёнка для организации отдыха детей?,778,"Правильное оформление и отправка СЭМД: СЭМД (87)""Медицинская справка о состоянии здоровья ребенка отъезжающего в организацию отдыха детей и их оздоровления""""",1,1.0,1.0,14793.970282999908,1,778,"Правильное оформление и отправка СЭМД: СЭМД (87)""Медицинская справка о состоянии здоровья ребенка отъезжающего в организацию отдыха детей и их оздоровления""""",95.0,9,95.0,90.0,5.0,1.0,1.0,1.0,1.0,1,1,1.0,0.3333333333333333,1.0,1.0,1,2,1.0,0.2,1.0,1.0,1,4,1.0,0.1,1.0,1.0,1,5,1.0,0.05,1.0,1.0,1,9
full,Что происходит после заполнения карты ПФО при нажатии «Предварительный просмотр» и какие дальнейшие действия с документом доступны после подписания?,826,Работа кабинета ПФО,1,1.0,1.0,12652.051607999965,1,826,Работа кабинета ПФО,95.0,8,95.0,80.0,15.0,1.0,1.0,1.0,1.0,1,1,1.0,0.3333333333333333,1.0,1.0,1,2,1.0,0.2,1.0,1.0,1,2,1.0,0.1,1.0,1.0,1,2,1.0,0.05,1.0,1.0,1,8
full,Как в синей версии МКАБ добавить участки прикрепления пациента?,164,WEB Регистратура: Работа с МКАБ в синей версии,3,0.3333333333333333,0.3333333333333333,12140.51934500003,1,203,Регистратура: Создание и редактирование МКАБ,95.0,3,80.0,95.0,-15.0,0.0,0.0,0.0,0.0,0,1,1.0,0.3333333333333333,1.0,0.5,1,2,1.0,0.2,1.0,0.5,1,3,1.0,0.1,1.0,0.5,1,3,1.0,0.05,1.0,0.5,1,3
full,Какие признаки обязательно выставить для формирования СЭМД талона №2 и при каких значениях поля «Категория льготы» становится доступен признак «Направлен к месту лечения»?,715,"Правильное оформление и отправка СЭМД: СЭМД (210)""Талон № 2 на получение специальных талонов (именных направлений) на проезд к месту лечения для получения медицинской помощи""",5,0.2,0.2,13825.181004999991,1,714,"Правильное оформление и отправка СЭМД: СЭМД (210)""Талон № 2 на получение специальных талонов (именных направлений) на проезд к месту лечения для получения медицинской помощи""",95.0,10,0.08536015896671634,95.0,-94.91463984103328,0.0,0.0,0.0,0.0,0,1,0.0,0.0,0.0,0.0,0,3,1.0,0.2,1.0,0.38685280723454163,1,3,1.0,0.1,1.0,0.38685280723454163,1,6,1.0,0.05,1.0,0.38685280723454163,1,10
full,Какими способами можно оформить согласие пациента при госпитализации и как добавить согласие через раздел «Согласия»?,349,WEB Стационар: Приемный покой,1,1.0,1.0,12493.372608000072,1,349,Стационар: Приемный покой,100.0,14,100.0,95.0,5.0,1.0,1.0,1.0,1.0,1,1,1.0,0.3333333333333333,1.0,1.0,1,3,1.0,0.2,1.0,1.0,1,5,1.0,0.1,1.0,1.0,1,8,1.0,0.05,1.0,1.0,1,14
full,Как начать редактирование персональных данных пациента и сколько основных подразделов доступно при редактировании?,160,WEB Регистратура: Работа с МКАБ в синей версии,1,1.0,1.0,11081.199115000003,1,160,Регистратура: Работа с МКАБ в синей версии,95.0,12,95.0,95.0,0.0,1.0,1.0,1.0,1.0,1,1,1.0,0.3333333333333333,1.0,1.0,1,2,1.0,0.2,1.0,1.0,1,4,1.0,0.1,1.0,1.0,1,8,1.0,0.05,1.0,1.0,1,12
full,Кто и при каких условиях может заполнять раздел «Степени и факторы риска» в карте беременной и как связаны между собой анкеты шкалы Радзинского?,221,WEB Родовспоможение: Карта беременной,1,1.0,1.0,11149.979551,1,221,Родовспоможение: Карта беременной,95.0,9,95.0,75.0,20.0,1.0,1.0,1.0,1.0,1,1,1.0,0.3333333333333333,1.0,1.0,1,3,1.0,0.2,1.0,1.0,1,5,1.0,0.1,1.0,1.0,1,6,1.0,0.05,1.0,1.0,1,9
full,При каком условии относительно ТАП доступно формирование СЭМД и как отправить в РЭМД эпикриз по законченному амбулаторному случаю?,782,"Правильное оформление и отправка СЭМД: СЭМД (92)""Эпикриз по законченному случаю амбулаторный""",2,0.5,0.5,13473.527966999995,1,781,"Правильное оформление и отправка СЭМД: СЭМД (92)""Эпикриз по законченному случаю амбулаторный""",95.0,13,90.0,95.0,-5.0,0.0,0.0,0.0,0.0,0,1,1.0,0.3333333333333333,1.0,0.6309297535714575,1,2,1.0,0.2,1.0,0.6309297535714575,1,4,1.0,0.1,1.0,0.6309297535714575,1,7,1.0,0.05,1.0,0.6309297535714575,1,13
full,"Как в блоке «Поступление» меняется перечень обязательных полей в зависимости от типа госпитализации (планово, экстренно, неотложно)?",345,WEB Стационар: Приемный покой,2,0.5,0.5,12719.022475999964,1,452,Дневной стационар,100.0,9,98.0,100.0,-2.0,0.0,0.0,0.0,0.0,0,1,1.0,0.3333333333333333,1.0,0.6309297535714575,1,3,1.0,0.2,1.0,0.6309297535714575,1,5,1.0,0.1,1.0,0.6309297535714575,1,8,1.0,0.05,1.0,0.6309297535714575,1,9
full,Из каких вкладок состоит окно «Листок нетрудоспособности» и для чего используется кнопка получения пула номеров из ФСС при оформлении первичного ЛН?,95,WEB Поликлиника: Лист нетрудоспособности,1,1.0,1.0,22562.695792999988,1,95,Поликлиника: Лист нетрудоспособности,100.0,10,100.0,85.0,15.0,1.0,1.0,1.0,1.0,1,1,1.0,0.3333333333333333,1.0,1.0,1,2,1.0,0.2,1.0,1.0,1,2,1.0,0.1,1.0,1.0,1,5,1.0,0.05,1.0,1.0,1,10
full,Где в системе находятся личные настройки пользователя и как добавить или сбросить настройку до значения по умолчанию для врача?,390,Администрирование МИС: Отчеты настройки и прочее,1,1.0,1.0,9298.204828000053,1,390,Администрирование МИС: Отчеты настройки и прочее,100.0,12,100.0,0.08415903768362785,99.91584096231637,1.0,1.0,1.0,1.0,1,1,1.0,0.3333333333333333,1.0,1.0,1,1,1.0,0.2,1.0,1.0,1,2,1.0,0.1,1.0,1.0,1,5,1.0,0.05,1.0,1.0,1,12
full,Какие сведения отображаются во вкладке листков нетрудоспособности в ТАП/МКСБ и как создать новый электронный листок нетрудоспособности?,100,WEB Поликлиника: Лист нетрудоспособности,1,1.0,1.0,12646.310876999905,1,100,Поликлиника: Лист нетрудоспособности,95.0,7,95.0,85.0,10.0,1.0,1.0,1.0,1.0,1,1,1.0,0.3333333333333333,1.0,1.0,1,1,1.0,0.2,1.0,1.0,1,1,1.0,0.1,1.0,1.0,1,2,1.0,0.05,1.0,1.0,1,7
full,Какие коды медицинских шаблонов АВ перечислены в инструкции и где в интерфейсе их искать?,368,WEB Стационар: Формы приказа 530н: Работа с шаблонами осмотров АВ,1,1.0,1.0,12479.806365999935,1,368,Стационар: Формы приказа 530н: Работа с шаблонами осмотров АВ,95.0,11,95.0,90.0,5.0,1.0,1.0,1.0,1.0,1,1,1.0,0.3333333333333333,1.0,1.0,1,2,1.0,0.2,1.0,1.0,1,2,1.0,0.1,1.0,1.0,1,2,1.0,0.05,1.0,1.0,1,11
full,"Что делать, если при сохранении МКСБ появляется сообщение об ошибке «Проверьте правильность заполнения формы»?",353,WEB Стационар: Приемный покой,1,1.0,1.0,20329.83649100004,1,353,Стационар: Приемный покой,100.0,7,100.0,90.0,10.0,1.0,1.0,1.0,1.0,1,1,1.0,0.3333333333333333,1.0,1.0,1,3,1.0,0.2,1.0,1.0,1,4,1.0,0.1,1.0,1.0,1,6,1.0,0.05,1.0,1.0,1,7
